source_id,target_id
0,1
0,9
1,1
1,8
1,9
1,10
2,0
2,4
3,1
3,8
3,10
3,36
4,1
4,8
4,10
4,36
5,1
5,5
5,7
5,47
6,9
7,1
7,8
7,10
7,36
8,2
8,32
8,58
9,1
9,8
9,10
9,36
10,0
10,9
11,1
11,9
12,1
12,2
12,58
13,0
13,9
14,9
15,9
16,1
16,2
16,8
16,10
16,32
16,58
17,1
17,2
17,5
17,47
18,0
19,1
19,5
19,7
19,8
19,10
19,47
20,0
20,9
21,1
21,2
21,32
21,58
22,1
22,5
22,8
22,10
22,47
23,1
23,2
23,32
23,58
24,1
24,5
24,8
24,10
24,36
24,47
25,9
26,2
26,32
26,58
27,1
27,9
28,2
28,9
28,32
28,58
29,9
30,1
30,2
30,11
30,36
31,2
31,32
31,58
32,1
32,2
32,32
32,36
32,58
33,9
34,1
34,2
34,5
34,8
34,10
34,47
35,1
35,5
35,14
36,1
36,2
36,32
36,36
36,58
37,1
37,8
37,10
38,9
39,1
39,8
39,9
39,10
40,9
41,9
42,1
42,2
42,36
42,58
43,1
43,8
43,10
44,2
44,11
45,1
45,8
45,10
46,1
46,7
46,8
46,10
47,1
47,8
47,10
48,1
48,2
48,8
48,10
48,36
49,1
49,5
49,47
50,9
51,0
51,9
52,2
53,1
53,5
53,8
53,10
53,36
53,47
54,0
57,1
57,2
57,8
57,10
58,9
59,9
60,1
60,8
60,10
60,39
61,0
61,9
62,1
62,8
62,10
63,1
63,2
63,8
63,9
63,10
64,1
64,8
64,9
64,10
65,1
65,8
65,10
66,1
66,8
66,10
67,9
68,1
68,2
68,32
68,58
69,2
69,11
69,32
70,9
71,1
71,2
71,8
71,10
71,32
71,58
72,9
73,1
73,8
73,10
73,14
74,2
74,11
74,32
74,36
74,58
75,1
75,2
75,9
76,1
76,2
76,32
76,36
76,58
77,2
77,9
78,1
78,5
78,8
78,10
78,47
79,2
79,9
79,32
79,58
80,1
80,8
80,10
81,1
81,5
81,8
81,10
81,47
82,1
82,9
83,2
83,11
83,32
83,50
84,1
84,2
84,32
84,58
85,1
85,5
85,8
85,10
85,47
86,1
86,8
86,9
86,10
87,1
87,8
87,9
87,10
88,1
88,2
88,7
89,1
89,2
89,8
89,10
89,58
90,1
90,2
90,8
90,10
91,1
91,5
91,7
91,8
91,10
91,47
92,2
92,11
92,32
92,36
92,58
93,1
93,7
93,8
93,10
94,9
95,1
95,5
95,47
96,1
96,5
96,8
96,10
96,47
97,1
97,8
97,10
98,2
98,32
98,36
98,58
99,1
99,5
99,7
99,8
99,10
99,47
100,1
100,5
100,7
100,8
100,10
100,47
101,1
101,5
101,47
102,1
102,2
102,32
102,58
103,1
103,8
103,10
104,0
105,2
105,9
105,47
106,0
107,1
107,8
107,10
108,1
108,2
108,36
108,58
109,9
110,1
110,5
110,8
110,10
110,47
111,2
111,9
111,32
111,58
112,1
112,8
112,10
113,9
114,2
114,9
114,32
114,58
115,1
115,5
115,7
115,8
115,10
115,47
116,9
116,15
117,9
117,15
118,1
118,9
119,9
120,2
120,9
120,32
120,58
121,1
121,5
121,9
121,47
122,2
122,9
122,32
122,58
123,1
123,2
123,8
123,10
125,1
125,8
125,10
126,1
126,8
126,9
126,10
127,1
127,5
127,7
127,8
127,10
127,47
128,9
129,0
129,9
130,1
130,5
130,7
130,8
130,10
130,47
131,1
131,5
131,47
132,0
132,4
132,13
132,17
132,20
132,21
132,22
132,26
132,27
132,28
133,1
133,5
133,8
133,10
133,47
134,0
134,9
135,1
135,2
135,32
135,58
136,1
136,8
136,10
137,0
137,9
137,13
137,17
137,21
137,22
138,1
138,7
138,8
138,10
139,1
139,2
139,11
139,32
139,58
140,9
141,1
141,2
141,8
141,10
141,36
142,1
142,8
142,10
143,1
143,2
143,8
143,10
143,32
143,58
144,1
144,2
144,8
144,10
144,32
144,58
145,0
145,9
146,1
146,2
146,7
146,8
146,10
146,58
147,0
147,4
147,13
147,17
147,20
147,21
147,22
147,26
147,27
147,28
148,1
148,2
148,8
148,9
148,10
149,1
149,2
149,32
149,36
149,58
150,9
151,2
151,32
151,58
152,9
153,1
153,5
153,8
153,10
153,36
153,47
154,1
154,8
154,9
154,10
155,2
155,9
155,32
155,58
156,1
156,2
156,32
156,58
157,1
157,8
157,10
158,1
158,2
158,32
158,36
158,58
159,1
159,5
159,8
159,10
159,47
160,1
160,8
160,10
160,14
161,1
161,2
161,8
161,10
162,1
162,7
162,8
162,10
163,1
163,2
163,7
163,32
163,58
164,1
164,8
164,9
164,10
165,1
165,8
165,9
165,10
166,1
166,2
166,7
166,8
166,10
167,1
167,2
167,5
167,7
167,8
167,10
167,47
168,1
168,2
168,7
168,8
168,10
169,1
169,8
169,10
170,1
170,5
170,8
170,10
170,47
171,1
171,7
171,8
171,10
172,1
172,7
172,8
172,10
173,0
173,4
173,13
173,17
173,20
173,21
173,22
173,26
173,27
173,28
174,1
174,9
174,14
175,1
175,9
175,47
176,1
176,5
176,8
176,10
176,47
177,1
177,5
177,47
178,1
178,2
178,8
178,10
178,32
178,58
179,0
179,9
180,2
180,11
180,58
181,1
181,5
181,8
181,10
181,47
182,1
182,9
183,1
183,2
183,7
184,2
184,11
184,32
184,50
184,58
185,1
185,8
185,10
186,1
186,8
186,10
186,36
187,1
187,2
187,9
187,32
187,58
188,1
188,5
188,47
189,9
190,1
190,5
190,8
190,10
190,47
191,1
191,5
191,8
191,10
191,47
192,1
192,2
192,32
192,58
193,1
193,8
193,10
194,9
195,2
195,9
195,32
195,58
196,2
196,9
196,47
197,2
197,11
197,32
197,58
198,1
198,8
198,9
198,10
199,9
200,0
200,9
201,1
201,5
201,47
202,1
202,2
202,58
203,1
203,2
203,9
203,32
203,58
204,1
204,5
204,8
204,10
204,47
205,0
206,1
206,2
206,8
206,10
206,36
207,1
207,5
207,47
208,9
209,1
209,5
209,8
209,9
209,10
209,47
210,1
210,8
210,10
210,13
211,2
211,32
211,58
212,1
212,5
212,7
212,47
213,2
213,32
213,36
213,58
214,1
214,2
214,8
214,10
215,2
215,32
215,58
216,1
216,5
216,7
216,8
216,10
216,47
217,1
217,7
217,8
217,10
218,9
219,1
219,2
219,8
219,10
220,1
220,5
220,7
220,8
220,10
220,47
221,1
221,8
221,10
222,1
222,2
222,8
222,10
223,1
223,5
223,8
223,10
223,47
224,1
224,5
224,8
224,10
224,47
225,1
225,5
225,47
226,0
226,4
226,13
226,17
226,20
226,21
226,22
226,26
226,27
226,28
227,9
228,0
228,9
229,2
229,32
229,36
229,58
230,0
231,1
231,5
231,47
232,1
232,2
232,32
232,58
233,1
233,5
233,8
233,10
233,36
233,47
234,2
234,32
234,58
235,1
235,2
235,8
235,10
235,58
236,0
236,9
238,1
238,5
238,47
239,1
239,8
239,10
239,36
240,0
240,4
240,13
240,17
240,20
240,21
240,22
240,26
240,27
240,28
241,1
241,2
241,5
241,8
241,10
241,47
242,0
242,1
242,2
242,9
243,0
243,9
244,1
244,2
244,32
244,58
245,0
245,4
245,13
245,17
245,20
245,21
245,22
245,26
245,27
245,28
246,1
246,5
246,7
246,47
247,1
247,8
247,10
248,1
248,8
248,10
249,1
249,7
249,8
249,10
250,0
250,2
250,9
251,1
251,2
251,8
251,10
252,2
252,32
252,58
253,1
253,2
253,32
253,58
254,1
254,7
254,8
254,10
254,43
255,1
255,5
255,7
255,47
256,1
256,9
257,1
257,7
257,8
257,10
258,1
258,7
258,8
258,10
259,2
259,11
260,1
260,8
260,10
261,1
261,2
261,8
261,10
261,36
261,58
262,1
262,2
262,32
262,58
263,1
263,5
263,8
263,9
263,10
263,47
264,1
264,2
264,8
264,10
264,36
265,1
265,2
265,8
265,10
265,36
266,1
266,5
266,7
266,8
266,10
266,47
267,1
267,9
268,0
268,9
269,1
269,8
269,10
270,1
270,8
270,10
271,1
271,2
271,8
271,10
272,1
272,2
272,32
272,58
273,1
273,2
273,7
273,8
273,10
274,9
275,0
275,4
275,13
275,17
275,20
275,21
275,22
275,26
275,27
275,28
276,1
276,8
276,10
277,0
277,4
277,13
277,17
277,20
277,21
277,22
277,26
277,27
277,28
278,1
278,8
278,10
279,1
279,8
279,10
279,36
280,2
280,11
280,32
280,58
281,9
282,1
282,8
282,9
282,10
283,1
283,9
284,1
284,5
284,8
284,10
284,47
285,1
285,2
285,8
285,10
285,36
286,1
286,8
286,9
286,10
287,1
287,5
287,8
287,10
287,47
288,1
288,8
288,10
289,1
289,8
289,10
290,1
290,2
290,11
290,36
291,9
292,9
293,9
294,2
294,9
294,47
295,1
295,5
295,7
295,8
295,10
295,47
296,9
297,1
297,8
297,10
298,1
298,5
298,7
298,47
299,0
299,13
299,17
299,21
299,22
300,2
300,32
300,58
301,1
301,7
301,8
301,10
302,9
303,1
303,5
303,8
303,10
303,47
304,2
304,9
304,32
304,58
305,2
305,9
305,32
306,1
306,5
306,47
307,9
308,9
309,0
310,0
310,4
310,13
310,17
310,20
310,21
310,22
310,26
310,27
310,28
311,1
311,5
311,8
311,10
311,47
312,9
313,2
313,9
314,1
314,9
315,1
315,8
315,10
315,36
316,1
316,8
316,10
317,1
317,8
317,10
318,2
318,32
318,36
318,58
319,1
319,5
319,8
319,10
319,47
320,1
320,9
321,2
321,32
321,36
321,58
322,2
322,9
322,32
322,58
323,1
323,2
323,32
323,58
324,1
324,5
324,8
324,10
324,47
325,1
325,2
325,36
326,1
326,8
326,10
327,1
327,8
327,10
328,1
328,7
328,8
328,10
328,43
329,1
329,9
330,2
330,32
330,58
331,0
331,4
331,13
331,17
331,20
331,21
331,22
331,26
331,27
331,28
332,1
332,2
332,5
332,8
332,10
332,47
333,0
333,9
334,1
334,8
334,10
334,14
335,0
335,4
335,13
335,17
335,20
335,21
335,22
335,26
335,27
335,28
336,1
336,5
336,8
336,10
336,47
337,1
337,9
338,9
339,1
339,7
339,8
339,10
340,2
340,11
340,32
340,50
340,58
341,1
341,5
341,8
341,10
341,47
342,1
342,5
342,8
342,10
342,47
343,1
343,2
343,5
343,47
344,1
344,8
344,10
345,1
345,2
345,8
345,10
345,58
346,1
346,8
346,10
347,0
347,9
348,1
348,14
349,1
349,2
349,9
350,1
350,2
350,11
350,58
351,1
351,2
351,32
351,58
352,1
352,5
352,8
352,10
352,36
352,47
353,1
353,7
353,8
353,10
354,0
354,9
355,1
355,5
355,8
355,10
355,47
356,1
356,5
356,8
356,10
356,47
357,9
358,1
358,7
359,1
359,5
359,47
360,0
360,4
360,13
360,17
360,20
360,21
360,22
360,26
360,27
360,28
361,2
361,32
361,36
361,58
362,0
362,9
363,1
363,8
363,10
365,2
365,32
365,58
366,1
366,5
366,7
366,8
366,10
366,47
367,1
367,5
367,47
368,1
368,2
368,11
368,32
368,58
369,1
369,7
369,8
369,10
370,1
370,2
370,8
370,10
370,32
370,58
371,1
371,5
371,7
371,47
372,1
372,5
372,7
372,8
372,10
372,47
373,1
373,2
373,32
373,58
374,1
374,5
374,47
375,1
375,2
375,36
375,58
376,1
376,7
376,8
376,10
377,1
377,5
377,8
377,10
377,47
378,9
379,0
379,9
380,1
380,5
380,7
380,47
381,2
381,32
381,58
382,0
382,4
382,13
382,17
382,20
382,21
382,22
382,26
382,27
382,28
383,1
383,2
383,8
383,10
383,32
383,58
384,1
384,5
384,7
384,8
384,10
384,47
385,1
385,2
385,32
385,58
386,1
386,5
386,8
386,10
386,47
387,1
387,2
387,32
387,58
388,1
388,2
388,8
388,10
388,32
388,58
389,1
389,8
389,10
390,1
390,5
390,7
390,8
390,10
390,47
391,1
391,8
391,10
392,1
392,8
392,10
393,2
393,11
394,1
394,8
394,10
395,1
395,5
395,8
395,10
395,47
396,1
396,9
397,1
397,2
397,8
397,10
398,2
398,32
398,58
399,1
399,5
399,47
400,1
400,5
400,47
401,1
401,2
401,8
401,10
401,11
402,1
402,7
402,8
402,10
403,1
403,5
403,8
403,9
403,10
403,47
404,1
404,2
404,5
404,8
404,10
404,47
405,1
405,2
405,7
405,8
405,10
406,1
406,8
406,10
407,2
407,9
407,32
407,58
408,1
408,2
408,7
409,1
409,5
409,7
409,47
410,2
410,9
410,47
411,1
411,5
411,7
411,8
411,10
411,47
412,0
412,9
413,1
413,2
413,32
413,36
413,58
414,0
415,1
415,5
415,47
416,1
416,2
416,8
416,10
416,32
416,58
417,9
418,9
419,1
419,8
419,10
420,1
420,5
420,8
420,9
420,10
420,47
421,1
421,5
421,7
421,47
422,1
422,5
422,7
422,47
423,9
424,1
424,5
424,7
424,8
424,10
424,47
425,0
425,4
425,13
425,17
425,20
425,21
425,22
425,26
425,27
425,28
426,1
426,5
426,9
426,47
427,0
427,9
427,54
428,1
428,5
428,8
428,10
428,47
429,9
430,9
431,9
432,2
432,9
432,47
433,1
433,5
433,8
433,10
433,47
434,1
434,8
434,10
435,1
435,5
435,7
435,47
436,1
436,9
437,1
437,5
437,7
437,47
438,2
438,32
438,36
438,58
439,0
439,9
440,1
440,2
440,7
441,1
441,2
442,0
442,4
442,13
442,17
442,20
442,21
442,22
442,26
442,27
442,28
443,9
444,2
444,32
444,58
445,1
445,9
446,1
446,5
446,47
447,0
447,4
447,13
447,17
447,20
447,21
447,22
447,26
447,27
447,28
448,0
448,9
449,0
449,9
450,1
450,5
450,7
450,8
450,10
450,47
451,1
451,2
452,9
453,9
454,1
454,8
454,10
455,1
455,8
455,10
456,0
456,9
457,1
457,2
457,9
457,32
457,58
458,1
458,5
458,7
458,47
459,1
459,2
460,0
460,1
460,2
460,9
460,11
461,9
462,2
462,9
462,47
463,1
463,7
463,8
463,10
464,1
464,5
464,47
465,1
465,5
465,47
466,2
466,11
466,32
466,36
466,58
467,0
467,2
467,9
468,1
468,2
468,8
468,10
469,1
469,8
469,10
470,1
470,9
470,14
471,1
471,8
471,10
471,36
472,1
472,8
472,10
472,36
473,0
473,4
473,13
473,17
473,20
473,21
473,22
473,26
473,27
473,28
474,1
474,2
474,32
474,58
475,1
475,2
475,32
475,36
475,58
476,0
476,4
476,13
476,17
476,20
476,21
476,22
476,26
476,27
476,28
477,1
477,9
478,1
478,2
478,8
478,10
478,32
478,58
479,9
480,1
480,5
480,8
480,10
480,47
481,2
481,32
482,1
482,8
482,10
483,1
483,2
483,8
483,10
484,9
485,1
486,2
486,9
486,32
486,58
487,2
487,11
487,32
487,50
487,58
488,1
488,7
488,8
488,10
489,1
489,2
489,8
489,10
490,1
490,2
490,8
490,10
491,1
491,2
491,11
491,32
491,58
492,0
492,4
492,13
492,17
492,20
492,21
492,22
492,26
492,27
492,28
493,1
493,7
493,8
493,10
494,1
494,5
494,8
494,10
494,47
495,1
495,5
495,47
496,1
496,5
496,47
497,0
497,4
497,13
497,17
497,20
497,21
497,22
497,26
497,27
497,28
498,1
498,7
498,8
498,10
499,0
499,4
499,13
499,17
499,20
499,21
499,22
499,26
499,27
499,28
500,1
500,5
500,47
501,0
501,9
502,2
502,11
502,32
503,1
503,2
504,1
504,5
504,47
505,1
505,5
505,7
505,47
506,9
507,1
507,2
507,9
508,0
508,4
508,13
508,17
508,20
508,21
508,22
508,26
508,27
508,28
509,0
509,9
510,1
510,5
510,8
510,10
510,47
511,1
511,5
511,7
511,8
511,10
511,47
512,1
512,9
513,1
513,7
513,8
513,10
514,1
514,7
514,8
514,10
515,1
515,2
515,8
515,9
515,10
516,1
516,7
516,8
516,10
517,1
517,2
517,5
517,8
517,10
517,47
517,58
518,0
519,1
519,2
519,7
519,8
519,10
519,58
520,1
520,5
520,7
520,8
520,10
520,47
521,1
521,8
521,10
522,2
522,9
522,47
522,58
523,2
523,32
523,58
524,1
524,5
524,7
524,8
524,10
524,47
525,1
525,5
525,8
525,10
525,47
526,1
526,2
526,7
526,8
526,10
527,1
527,8
527,10
528,0
528,4
528,13
528,17
528,20
528,21
528,22
528,26
528,27
528,28
529,0
529,9
530,1
530,5
530,7
530,8
530,10
530,36
530,47
531,1
531,5
531,47
532,1
532,8
532,10
533,1
533,8
533,10
534,0
534,4
534,13
534,17
534,20
534,21
534,22
534,26
534,27
534,28
535,1
535,9
536,1
536,2
536,8
536,10
536,58
537,1
537,5
537,8
537,10
537,47
538,1
538,2
538,8
538,10
538,36
539,1
539,8
539,10
540,0
540,4
540,13
540,17
540,20
540,21
540,22
540,26
540,27
540,28
541,0
541,9
542,0
543,0
544,0
544,9
545,1
545,2
545,36
545,58
546,1
546,2
546,5
546,8
546,10
546,47
547,9
548,1
548,2
548,5
548,8
548,10
548,47
548,58
549,1
549,2
549,32
549,58
550,1
550,5
550,8
550,10
550,47
551,1
551,2
551,32
551,36
551,58
552,1
552,8
552,10
553,2
553,9
553,32
553,58
554,1
554,2
554,8
554,10
554,36
555,0
555,4
555,13
555,17
555,20
555,21
555,22
555,26
555,27
555,28
556,1
556,2
556,36
557,1
557,5
557,7
557,8
557,10
557,47
558,1
558,5
558,47
559,0
559,4
559,13
559,17
559,20
559,21
559,22
559,26
559,27
559,28
560,1
560,2
560,8
560,10
560,36
561,1
561,2
561,8
561,10
561,58
562,9
563,1
564,1
564,2
564,8
564,10
564,36
565,2
565,9
566,1
566,2
567,9
568,0
568,4
568,13
568,17
568,20
568,21
568,22
568,26
568,27
568,28
569,1
569,5
569,14
570,9
571,1
571,5
571,7
571,8
571,10
571,47
572,9
573,1
573,2
573,5
573,47
574,1
574,14
575,9
576,1
576,2
576,8
576,10
576,32
576,58
577,1
577,5
577,8
577,10
577,47
578,1
578,8
578,10
579,0
579,4
579,13
579,17
579,20
579,21
579,22
579,26
579,27
579,28
580,1
580,2
580,8
580,10
580,11
581,1
581,2
581,8
581,10
581,58
582,1
582,14
583,1
583,7
583,8
583,10
584,1
584,8
584,9
584,10
584,36
585,1
585,5
585,8
585,10
585,47
586,1
586,5
586,47
587,2
587,9
587,32
587,58
588,1
588,5
588,8
588,10
588,47
589,9
590,1
590,5
590,47
591,1
591,2
591,32
591,36
591,58
592,1
592,2
592,8
592,10
592,36
593,1
593,5
593,8
593,9
593,10
593,47
594,1
594,14
595,0
595,4
595,13
595,17
595,20
595,21
595,22
595,26
595,27
595,28
596,1
596,8
596,10
597,1
597,8
597,10
598,2
598,32
598,36
598,58
599,1
599,2
599,32
599,58
600,1
600,9
601,9
602,1
602,8
602,10
603,1
603,8
603,10
603,36
604,1
604,5
604,47
605,2
605,32
605,58
606,1
606,2
607,9
608,9
609,2
609,9
609,32
609,58
610,1
610,8
610,10
610,36
611,1
611,5
611,47
612,1
612,2
612,32
612,58
613,2
613,9
613,47
614,1
615,1
616,1
616,5
616,7
616,47
617,0
617,1
618,0
618,9
619,2
619,9
619,32
619,58
620,1
620,2
620,8
620,10
620,32
620,58
621,1
621,2
621,11
621,32
621,58
622,0
622,4
622,13
622,17
622,20
622,21
622,22
622,26
622,27
622,28
623,1
623,5
623,7
623,47
624,1
624,2
624,8
624,10
624,11
624,36
625,1
625,2
625,8
625,10
626,2
626,32
626,58
627,1
627,9
629,1
629,2
629,5
629,8
629,10
629,47
629,58
630,1
630,9
631,2
631,32
631,58
632,1
632,5
632,47
633,1
633,8
633,10
634,0
634,4
634,13
634,17
634,20
634,21
634,22
634,26
634,27
634,28
635,1
635,5
635,7
635,8
635,10
635,47
636,1
636,5
636,8
636,10
636,47
637,1
637,8
637,10
638,9
639,1
639,2
639,8
639,10
639,32
639,58
640,1
640,8
640,10
640,36
641,0
641,4
641,13
641,17
641,20
641,21
641,22
641,26
641,27
641,28
642,1
642,2
642,32
642,58
643,0
644,0
644,9
645,0
645,4
645,13
645,17
645,20
645,21
645,22
645,26
645,27
645,28
646,1
646,5
646,9
646,47
647,1
647,8
647,10
648,1
648,2
648,8
648,10
648,32
648,58
649,9
650,1
650,5
650,7
650,8
650,10
650,47
651,1
651,8
651,10
652,0
653,2
653,9
653,32
653,58
654,1
654,5
654,8
654,10
654,47
655,1
655,2
655,7
655,8
655,10
656,0
657,1
657,2
657,7
658,0
658,9
659,1
659,5
659,7
659,8
659,10
659,47
660,1
660,5
660,8
660,10
660,47
661,1
661,8
661,10
662,1
662,8
662,10
662,36
663,9
664,1
664,5
664,8
664,9
664,10
664,47
665,1
665,5
665,7
665,8
665,10
665,47
666,1
666,5
666,8
666,10
666,47
667,0
667,2
668,1
668,8
668,10
669,1
669,8
669,10
670,0
670,9
671,1
671,5
671,7
671,8
671,10
671,47
672,0
672,4
672,13
672,17
672,20
672,21
672,22
672,26
672,27
672,28
673,0
673,4
673,13
673,17
673,20
673,21
673,22
673,26
673,27
673,28
674,1
674,2
674,8
674,10
674,58
675,0
675,4
675,13
675,17
675,20
675,21
675,22
675,26
675,27
675,28
676,9
677,1
677,9
678,1
678,5
678,8
678,10
678,47
679,0
679,4
679,13
679,17
679,20
679,21
679,22
679,26
679,27
679,28
680,1
680,8
680,10
681,1
681,2
681,36
681,58
682,2
682,9
682,32
682,58
683,1
683,2
683,8
683,10
683,36
684,1
684,5
684,47
685,0
685,4
685,13
685,17
685,20
685,21
685,22
685,26
685,27
685,28
686,1
686,8
686,9
686,10
687,1
687,2
687,8
687,10
687,32
688,1
688,5
688,47
689,1
689,8
689,10
690,1
690,2
690,8
690,10
690,36
691,0
691,17
691,21
692,1
692,2
692,8
692,10
693,9
694,1
694,2
694,8
694,10
695,1
695,9
696,1
696,2
696,32
696,58
697,0
697,4
697,13
697,17
697,20
697,21
697,22
697,26
697,27
697,28
698,9
699,1
699,8
699,10
700,0
700,4
700,13
700,17
700,20
700,21
700,22
700,26
700,27
700,28
701,1
701,9
702,1
702,5
702,47
703,1
703,9
703,14
704,1
704,5
704,8
704,10
704,47
705,1
705,2
705,32
705,36
705,58
706,2
706,11
707,1
707,2
707,58
708,1
708,5
708,8
708,10
708,47
709,1
709,2
709,8
709,10
710,2
710,58
711,0
711,9
712,1
712,8
712,10
712,14
713,2
713,32
713,58
714,1
714,2
714,8
714,10
714,32
715,0
715,4
715,13
715,17
715,20
715,21
715,22
715,26
715,27
715,28
716,9
717,1
717,5
717,8
717,10
717,47
718,1
718,2
718,8
718,10
718,32
718,58
719,1
719,9
720,1
720,2
720,5
720,47
721,1
721,5
721,8
721,10
721,47
722,9
723,1
723,9
724,0
724,9
725,0
726,1
726,5
726,8
726,10
726,47
727,1
727,5
727,7
727,47
728,1
728,5
728,7
728,8
728,10
728,47
729,1
729,2
729,32
729,58
730,1
730,8
730,9
730,10
731,1
731,2
731,36
732,1
732,5
732,8
732,10
732,47
733,1
733,2
733,5
733,8
733,10
733,47
734,14
735,1
735,5
735,8
735,10
735,47
736,1
736,5
736,7
736,47
737,0
737,50
738,0
738,4
738,13
738,17
738,20
738,21
738,22
738,26
738,27
738,28
739,0
739,4
739,13
739,17
739,20
739,21
739,22
739,26
739,27
739,28
740,2
740,11
740,32
740,58
741,2
741,9
741,47
742,1
742,7
742,8
742,10
743,1
743,2
743,5
743,8
743,10
743,47
744,1
744,8
744,10
745,1
745,2
745,58
746,0
746,4
746,13
746,17
746,20
746,21
746,22
746,26
746,27
746,28
747,1
747,5
747,7
747,8
747,10
747,47
748,1
748,2
748,32
748,36
748,58
749,1
749,8
749,10
750,0
750,9
751,1
751,2
751,8
751,10
751,36
752,9
753,1
753,2
753,7
754,0
754,9
755,9
756,1
756,14
757,1
757,5
757,8
757,10
757,47
758,1
758,9
759,9
760,1
760,2
760,8
760,10
761,0
761,4
761,13
761,17
761,20
761,21
761,22
761,26
761,27
761,28
762,2
762,32
762,58
763,1
763,2
763,36
763,58
764,1
764,5
764,39
764,47
765,1
765,8
765,10
766,1
766,2
766,32
766,58
767,1
767,5
767,8
767,10
767,47
768,2
768,32
768,36
768,58
769,1
769,2
769,8
769,10
770,1
770,2
770,32
770,58
771,2
771,32
771,36
771,58
772,1
772,2
772,32
772,58
773,1
773,2
773,32
774,1
774,14
775,1
775,8
775,10
776,1
776,2
776,32
776,58
777,1
777,2
777,5
777,8
777,10
777,47
778,1
778,5
778,8
778,10
778,47
779,1
779,5
779,8
779,10
779,47
780,1
780,8
780,10
780,36
781,1
781,8
781,10
782,2
782,32
782,36
782,58
783,2
783,11
783,32
783,58
784,9
785,1
785,2
785,58
786,1
786,5
786,8
786,10
786,47
787,2
787,32
787,58
788,1
788,2
788,8
788,10
789,1
789,5
789,7
789,8
789,10
789,47
790,1
790,2
790,32
790,58
791,1
791,8
791,9
791,10
792,2
792,11
792,32
793,0
793,4
793,13
793,17
793,20
793,21
793,22
793,26
793,27
793,28
794,9
795,1
795,5
795,8
795,10
795,47
796,0
796,4
796,13
796,17
796,20
796,21
796,22
796,26
796,27
796,28
797,2
797,9
798,1
798,2
798,8
798,10
799,1
799,5
799,7
799,47
800,0
800,4
800,13
800,17
800,20
800,21
800,22
800,26
800,27
800,28
801,1
801,5
801,8
801,10
801,47
802,1
802,5
802,7
802,8
802,10
802,47
803,2
803,9
803,47
804,0
804,4
804,13
804,17
804,20
804,21
804,22
804,26
804,27
804,28
805,1
805,5
805,7
805,8
805,10
805,47
806,0
806,2
806,13
806,17
806,21
806,22
806,58
807,1
807,2
807,8
807,10
808,1
808,5
808,7
808,47
809,1
809,5
809,8
809,10
809,47
810,9
811,0
811,4
811,13
811,17
811,20
811,21
811,22
811,26
811,27
811,28
812,1
812,8
812,10
813,1
813,2
813,8
813,10
814,0
814,4
814,13
814,17
814,20
814,21
814,22
814,26
814,27
814,28
815,0
815,9
816,1
816,8
816,10
817,1
817,5
817,8
817,10
817,47
818,1
818,5
818,47
819,2
819,9
819,11
819,32
819,58
820,1
820,2
820,36
821,1
821,5
821,47
822,2
822,32
823,1
823,7
823,8
823,10
824,1
824,2
824,5
824,8
824,10
824,47
825,2
825,9
825,32
825,58
826,1
826,7
827,1
827,5
827,7
827,8
827,10
827,47
828,2
828,11
829,1
829,5
829,7
829,8
829,10
829,47
830,1
830,8
830,10
830,36
831,9
833,1
833,5
833,8
833,10
833,36
833,47
834,9
835,1
835,5
835,47
836,9
837,2
837,32
837,58
838,1
838,2
838,32
838,58
839,9
840,1
840,2
840,5
840,7
840,8
840,10
840,47
841,1
841,2
841,5
841,8
841,10
841,47
842,9
843,2
843,32
843,58
844,2
844,9
844,32
844,58
845,0
845,4
845,13
845,17
845,20
845,21
845,22
845,26
845,27
845,28
846,1
846,5
846,8
846,10
846,47
847,1
847,2
847,8
847,10
848,1
848,2
848,11
848,32
848,58
849,1
849,2
849,8
849,10
849,32
849,58
850,0
850,4
850,13
850,17
850,20
850,21
850,22
850,26
850,27
850,28
851,0
851,4
851,13
851,17
851,20
851,21
851,22
851,26
851,27
851,28
852,0
852,4
852,13
852,17
852,20
852,21
852,22
852,26
852,27
852,28
853,1
853,8
853,10
854,9
855,1
855,2
855,8
855,10
855,32
855,58
856,9
857,2
857,9
857,32
857,58
858,0
858,4
858,13
858,17
858,20
858,21
858,22
858,26
858,27
858,28
859,2
859,9
860,0
860,4
860,13
860,17
860,20
860,21
860,22
860,26
860,27
860,28
861,1
861,2
861,5
861,8
861,10
861,47
862,1
862,2
862,11
862,32
862,58
863,0
863,9
864,0
865,1
865,8
865,10
866,9
867,2
867,9
867,47
868,0
868,9
868,50
869,1
869,8
869,10
870,0
870,4
870,13
870,17
870,20
870,21
870,22
870,26
870,27
870,28
871,9
872,1
872,2
872,8
872,10
873,1
873,2
873,11
873,58
874,1
874,8
874,10
875,9
876,9
877,1
877,8
877,10
878,1
878,2
879,1
879,8
879,10
880,1
880,2
880,8
880,10
880,36
881,2
881,9
882,0
882,9
883,1
883,5
883,47
884,1
884,8
884,10
885,1
885,2
885,32
885,58
886,1
886,5
886,7
886,8
886,10
886,47
887,2
887,9
887,32
887,58
888,0
888,4
888,13
888,17
888,20
888,21
888,22
888,26
888,27
888,28
889,2
889,9
889,32
889,58
890,1
890,5
890,47
891,1
891,5
891,8
891,10
891,47
892,1
892,5
892,14
892,47
893,1
893,8
893,10
894,1
894,9
895,1
895,8
895,10
896,1
896,8
896,10
897,0
897,4
897,13
897,17
897,20
897,21
897,22
897,26
897,27
897,28
898,1
898,2
898,8
898,10
899,1
899,5
899,8
899,10
899,47
900,1
900,5
900,8
900,10
900,47
901,0
901,4
901,13
901,17
901,20
901,21
901,22
901,26
901,27
901,28
902,0
902,4
902,13
902,17
902,20
902,21
902,22
902,26
902,27
902,28
903,2
903,9
903,32
903,58
904,1
904,2
904,8
904,10
905,0
905,4
905,13
905,17
905,20
905,21
905,22
905,26
905,27
905,28
906,0
906,9
906,47
907,9
908,1
908,2
908,32
908,36
908,58
909,1
909,8
909,9
909,10
910,0
910,4
910,13
910,17
910,20
910,21
910,22
910,26
910,27
910,28
911,1
911,2
911,8
911,10
911,32
911,58
912,1
912,8
912,10
913,0
913,4
913,13
913,17
913,20
913,21
913,22
913,26
913,27
913,28
914,1
914,7
914,8
914,10
915,0
915,9
916,0
916,4
916,13
916,17
916,20
916,21
916,22
916,26
916,27
916,28
917,0
917,2
918,1
918,5
918,7
918,47
919,1
919,8
919,10
920,1
920,2
920,32
920,58
921,1
921,14
922,0
923,9
924,0
924,4
924,13
924,17
924,20
924,21
924,22
924,26
924,27
924,28
925,1
925,7
925,8
925,10
926,2
926,32
926,58
927,1
927,5
927,7
927,8
927,10
927,47
928,1
928,5
928,7
928,8
928,10
928,47
929,1
929,5
929,47
930,1
930,8
930,10
931,0
931,4
931,13
931,17
931,20
931,21
931,22
931,26
931,27
931,28
932,1
932,5
932,47
933,9
934,0
934,4
934,13
934,17
934,20
934,21
934,22
934,26
934,27
934,28
935,1
935,2
935,8
935,10
935,36
936,0
936,9
937,0
937,4
937,13
937,17
937,20
937,21
937,22
937,26
937,27
937,28
938,1
938,2
938,9
938,32
938,58
939,1
939,2
939,5
939,8
939,10
939,47
940,1
940,8
940,10
940,36
941,9
942,0
943,0
943,4
943,13
943,17
943,20
943,21
943,22
943,26
943,27
943,28
944,2
944,11
945,0
945,9
946,9
947,0
947,4
947,13
947,17
947,20
947,21
947,22
947,26
947,27
947,28
948,0
948,4
948,13
948,17
948,20
948,21
948,22
948,26
948,27
948,28
949,1
949,2
949,8
949,10
949,32
950,0
950,4
950,13
950,17
950,20
950,21
950,22
950,26
950,27
950,28
951,2
951,11
951,32
951,58
952,2
953,1
953,2
953,36
954,1
954,2
954,8
954,10
954,36
954,58
955,0
955,9
956,1
956,2
956,9
957,0
957,4
957,13
957,17
957,20
957,21
957,22
957,26
957,27
957,28
958,1
958,2
958,8
958,10
958,32
958,58
959,1
959,2
959,32
959,58
960,1
960,8
960,10
961,1
961,2
961,32
961,58
962,0
963,1
963,5
963,7
963,8
963,10
963,47
964,1
964,8
964,10
965,1
965,8
965,10
966,0
966,9
967,0
967,4
967,13
967,17
967,20
967,21
967,22
967,26
967,27
967,28
968,1
968,2
968,8
968,10
969,1
969,5
969,7
969,8
969,10
969,47
970,1
970,5
970,8
970,10
970,47
971,1
971,2
971,8
971,10
972,9
973,1
973,2
973,8
973,10
974,9
975,2
975,11
976,1
976,8
976,10
977,2
977,9
977,32
977,58
978,1
978,2
978,32
978,36
978,58
979,0
979,4
979,13
979,17
979,20
979,21
979,22
979,26
979,27
979,28
980,1
980,2
980,36
980,58
981,9
982,1
982,5
982,8
982,10
982,47
983,1
983,8
983,10
984,1
984,8
984,10
985,2
985,9
985,32
985,58
986,0
986,4
986,13
986,17
986,20
986,21
986,22
986,26
986,27
986,28
987,1
987,2
987,32
987,36
987,58
988,1
988,5
988,7
988,8
988,10
988,47
989,9
990,0
990,13
990,17
990,21
990,22
991,9
992,9
993,1
993,8
993,10
994,0
994,9
994,47
995,1
995,5
995,47
996,1
996,8
996,10
997,0
997,4
997,13
997,17
997,20
997,21
997,22
997,26
997,27
997,28
998,1
998,2
998,7
998,8
998,10
998,58
999,2
999,11
999,32
999,58
1000,9
1001,1
1001,2
1001,7
1001,8
1001,10
1002,0
1002,4
1002,13
1002,17
1002,20
1002,21
1002,22
1002,26
1002,27
1002,28
1003,1
1003,5
1003,47
1004,9
1005,1
1005,2
1005,8
1005,10
1005,32
1005,58
1006,0
1006,4
1006,13
1006,17
1006,20
1006,21
1006,22
1006,26
1006,27
1006,28
1007,0
1007,9
1008,9
1009,1
1009,2
1009,8
1009,10
1009,36
1010,0
1010,4
1010,13
1010,17
1010,20
1010,21
1010,22
1010,26
1010,27
1010,28
1011,0
1011,4
1011,13
1011,17
1011,20
1011,21
1011,22
1011,26
1011,27
1011,28
1012,9
1013,1
1013,5
1013,8
1013,10
1013,47
1014,0
1014,13
1014,17
1014,21
1014,22
1015,9
1016,1
1016,14
1017,1
1017,2
1018,1
1018,5
1018,8
1018,10
1018,47
1019,9
1020,1
1020,5
1020,8
1020,10
1020,47
1021,2
1021,58
1022,1
1022,5
1022,7
1022,8
1022,10
1022,47
1023,0
1023,4
1023,13
1023,17
1023,20
1023,21
1023,22
1023,26
1023,27
1023,28
1024,1
1024,2
1024,58
1025,1
1025,2
1026,9
1027,1
1027,2
1027,8
1027,10
1028,1
1028,5
1028,8
1028,10
1028,47
1029,2
1029,32
1029,58
1030,0
1030,4
1030,13
1030,17
1030,20
1030,21
1030,22
1030,26
1030,27
1030,28
1031,0
1031,4
1031,13
1031,17
1031,20
1031,21
1031,22
1031,26
1031,27
1031,28
1032,9
1033,2
1033,32
1033,58
1034,0
1034,4
1034,13
1034,17
1034,20
1034,21
1034,22
1034,26
1034,27
1034,28
1035,1
1035,5
1035,7
1035,47
1036,0
1036,4
1036,13
1036,17
1036,20
1036,21
1036,22
1036,26
1036,27
1036,28
1037,0
1037,9
1038,1
1038,8
1038,10
1039,0
1039,4
1039,13
1039,17
1039,20
1039,21
1039,22
1039,26
1039,27
1039,28
1040,1
1040,2
1040,58
1041,0
1041,2
1041,9
1042,1
1042,5
1042,8
1042,10
1042,47
1043,1
1043,2
1044,1
1044,5
1044,8
1044,10
1044,47
1045,1
1045,8
1045,10
1046,2
1046,9
1046,32
1046,58
1047,0
1048,1
1048,2
1048,8
1048,10
1048,58
1049,0
1049,4
1049,13
1049,17
1049,20
1049,21
1049,22
1049,26
1049,27
1049,28
1050,1
1050,2
1050,32
1050,58
1051,2
1051,9
1051,32
1051,58
1052,2
1052,32
1052,58
1053,9
1054,1
1054,8
1054,10
1054,36
1055,1
1055,5
1055,8
1055,10
1055,47
1056,2
1056,32
1056,36
1056,58
1057,0
1057,4
1057,13
1057,17
1057,20
1057,21
1057,22
1057,26
1057,27
1057,28
1058,0
1058,4
1058,13
1058,17
1058,20
1058,21
1058,22
1058,26
1058,27
1058,28
1059,2
1059,32
1059,36
1059,58
1060,0
1060,4
1060,13
1060,17
1060,20
1060,21
1060,22
1060,26
1060,27
1060,28
1061,0
1061,4
1061,13
1061,17
1061,20
1061,21
1061,22
1061,26
1061,27
1061,28
1062,1
1062,2
1062,8
1062,10
1062,36
1062,58
1063,1
1063,8
1063,9
1063,10
1064,0
1064,4
1064,13
1064,17
1064,20
1064,21
1064,22
1064,26
1064,27
1064,28
1065,0
1065,9
1066,0
1066,9
1067,0
1067,4
1067,13
1067,17
1067,20
1067,21
1067,22
1067,26
1067,27
1067,28
1068,1
1068,8
1068,10
1068,14
1069,9
1070,1
1070,8
1070,10
1071,1
1071,8
1071,10
1072,1
1072,9
1072,14
1073,1
1073,2
1073,32
1073,58
1074,0
1074,4
1074,13
1074,17
1074,20
1074,21
1074,22
1074,26
1074,27
1074,28
1075,1
1075,5
1075,8
1075,10
1075,47
1076,2
1076,9
1077,1
1077,5
1077,7
1077,8
1077,10
1077,47
1078,9
1079,2
1079,11
1079,58
1080,1
1080,2
1080,8
1080,10
1080,58
1081,1
1081,5
1081,8
1081,10
1081,47
1082,1
1082,5
1082,9
1082,47
1083,1
1083,5
1083,7
1083,8
1083,10
1083,47
1084,1
1084,8
1084,10
1085,2
1085,11
1085,32
1085,50
1086,0
1086,4
1086,13
1086,17
1086,20
1086,21
1086,22
1086,26
1086,27
1086,28
1087,2
1087,9
1087,32
1087,58
1088,1
1088,2
1088,32
1088,58
1089,0
1090,0
1090,9
1091,1
1091,8
1091,10
1092,1
1092,2
1092,7
1093,9
1094,2
1094,9
1094,32
1095,0
1095,4
1095,13
1095,17
1095,20
1095,21
1095,22
1095,26
1095,27
1095,28
1096,1
1096,8
1096,10
1096,14
1097,1
1097,2
1097,5
1097,8
1097,10
1097,47
1098,2
1098,32
1098,58
1099,1
1099,5
1099,8
1099,10
1099,47
1100,1
1100,2
1100,32
1100,58
1101,0
1101,4
1101,13
1101,17
1101,20
1101,21
1101,22
1101,26
1101,27
1101,28
1102,0
1102,4
1102,13
1102,17
1102,20
1102,21
1102,22
1102,26
1102,27
1102,28
1103,0
1103,4
1103,13
1103,17
1103,20
1103,21
1103,22
1103,26
1103,27
1103,28
1104,1
1104,2
1104,8
1104,10
1104,32
1104,58
1105,0
1105,4
1105,13
1105,17
1105,20
1105,21
1105,22
1105,26
1105,27
1105,28
1106,0
1106,4
1106,13
1106,17
1106,20
1106,21
1106,22
1106,26
1106,27
1106,28
1107,1
1107,8
1107,10
1108,1
1108,8
1108,10
1108,36
1109,1
1109,2
1109,5
1109,8
1109,10
1109,47
1110,0
1110,4
1110,13
1110,17
1110,20
1110,21
1110,22
1110,26
1110,27
1110,28
1111,9
1112,0
1112,4
1112,13
1112,17
1112,20
1112,21
1112,22
1112,26
1112,27
1112,28
1113,0
1113,4
1113,13
1113,17
1113,20
1113,21
1113,22
1113,26
1113,27
1113,28
1114,1
1114,5
1114,7
1114,8
1114,10
1114,47
1115,2
1115,11
1115,32
1115,58
1116,1
1116,2
1116,5
1116,8
1116,10
1116,47
1117,1
1117,5
1117,8
1117,10
1117,47
1118,1
1118,2
1118,32
1118,58
1119,2
1119,11
1119,32
1120,1
1120,5
1120,8
1120,10
1120,47
1121,1
1121,2
1121,32
1122,2
1122,32
1122,58
1123,2
1123,9
1124,1
1124,8
1124,10
1125,1
1125,5
1125,47
1126,1
1126,2
1126,8
1126,10
1127,1
1127,5
1127,7
1127,47
1128,1
1128,2
1128,8
1128,10
1129,1
1129,7
1129,9
1130,0
1130,1
1130,5
1130,8
1130,10
1130,36
1130,47
1131,2
1131,32
1131,58
1132,1
1132,8
1132,10
1132,36
1133,0
1133,4
1133,13
1133,17
1133,20
1133,21
1133,22
1133,26
1133,27
1133,28
1134,1
1134,2
1134,32
1134,58
1135,0
1135,4
1135,13
1135,17
1135,20
1135,21
1135,22
1135,26
1135,27
1135,28
1136,1
1136,8
1136,10
1136,36
1137,0
1138,1
1138,2
1138,8
1138,10
1138,32
1138,58
1139,1
1139,8
1139,10
1140,1
1140,8
1140,10
1141,1
1141,2
1141,32
1141,58
1142,1
1142,5
1142,7
1142,8
1142,10
1142,47
1143,2
1143,32
1143,58
1145,0
1145,4
1145,13
1145,17
1145,20
1145,21
1145,22
1145,26
1145,27
1145,28
1146,2
1146,11
1146,32
1146,36
1146,58
1147,1
1147,2
1147,8
1147,10
1147,36
1148,1
1148,2
1148,8
1148,10
1149,0
1149,4
1149,13
1149,17
1149,20
1149,21
1149,22
1149,26
1149,27
1149,28
1150,9
1151,1
1151,8
1151,10
1152,0
1152,4
1152,13
1152,17
1152,20
1152,21
1152,22
1152,26
1152,27
1152,28
1153,1
1153,5
1153,8
1153,10
1153,47
1154,2
1154,32
1154,36
1154,58
1155,2
1155,9
1155,32
1155,58
1156,1
1156,2
1156,36
1157,1
1157,2
1157,9
1158,0
1158,4
1158,13
1158,17
1158,20
1158,21
1158,22
1158,26
1158,27
1158,28
1159,1
1159,9
1161,1
1162,1
1162,7
1162,8
1162,10
1163,0
1163,4
1163,13
1163,17
1163,20
1163,21
1163,22
1163,26
1163,27
1163,28
1164,1
1164,8
1164,10
1165,1
1165,2
1165,9
1166,2
1166,9
1167,0
1167,4
1167,13
1167,17
1167,20
1167,21
1167,22
1167,26
1167,27
1167,28
1168,0
1168,4
1168,13
1168,17
1168,20
1168,21
1168,22
1168,26
1168,27
1168,28
1169,1
1169,2
1169,7
1169,8
1169,10
1170,1
1170,2
1170,32
1170,58
1171,0
1171,4
1171,13
1171,17
1171,20
1171,21
1171,22
1171,26
1171,27
1171,28
1172,1
1172,5
1172,8
1172,10
1172,47
1173,0
1173,4
1173,13
1173,17
1173,20
1173,21
1173,22
1173,26
1173,27
1173,28
1174,1
1174,2
1174,32
1174,58
1175,1
1175,2
1176,0
1176,4
1176,13
1176,17
1176,20
1176,21
1176,22
1176,26
1176,27
1176,28
1177,0
1177,9
1178,0
1178,4
1178,13
1178,17
1178,20
1178,21
1178,22
1178,26
1178,27
1178,28
1179,1
1179,2
1179,8
1179,10
1179,32
1179,58
1180,2
1180,11
1181,1
1181,5
1181,8
1181,10
1181,47
1182,1
1182,2
1182,8
1182,10
1182,11
1182,36
1183,1
1183,2
1183,8
1183,10
1184,1
1184,2
1184,8
1184,10
1185,1
1185,2
1185,8
1185,10
1185,58
1186,1
1186,2
1186,32
1186,58
1187,0
1187,1
1187,5
1187,8
1187,10
1187,47
1188,2
1188,11
1189,1
1189,2
1189,8
1189,10
1189,36
1190,1
1190,8
1190,10
1190,36
1191,1
1191,2
1191,9
1192,1
1192,5
1192,47
1193,0
1193,4
1193,13
1193,17
1193,20
1193,21
1193,22
1193,26
1193,27
1193,28
1194,9
1195,0
1195,4
1195,13
1195,17
1195,20
1195,21
1195,22
1195,26
1195,27
1195,28
1196,1
1196,5
1196,47
1197,9
1198,2
1198,11
1198,32
1198,58
1199,1
1199,7
1199,8
1199,10
1200,1
1200,7
1200,8
1200,10
1201,1
1201,2
1201,8
1201,10
1201,36
1201,58
1202,0
1202,2
1202,9
1203,2
1203,11
1203,58
1204,0
1204,9
1205,2
1205,11
1205,58
1206,1
1206,8
1206,10
1207,0
1208,1
1208,2
1208,32
1208,58
1209,0
1209,4
1209,13
1209,17
1209,20
1209,21
1209,22
1209,26
1209,27
1209,28
1210,0
1210,9
1211,1
1211,5
1211,8
1211,10
1211,47
1212,1
1212,2
1212,32
1212,36
1212,58
1213,1
1213,5
1213,7
1213,8
1213,10
1213,47
1214,0
1214,4
1214,13
1214,17
1214,20
1214,21
1214,22
1214,26
1214,27
1214,28
1215,1
1215,5
1215,8
1215,10
1215,47
1216,1
1216,2
1216,8
1216,10
1216,32
1216,58
1217,1
1217,5
1217,7
1217,8
1217,10
1217,47
1218,0
1218,4
1218,13
1218,17
1218,20
1218,21
1218,22
1218,26
1218,27
1218,28
1219,0
1220,0
1220,4
1220,13
1220,17
1220,20
1220,21
1220,22
1220,26
1220,27
1220,28
1221,0
1221,4
1221,13
1221,17
1221,20
1221,21
1221,22
1221,26
1221,27
1221,28
1222,0
1223,1
1223,5
1223,7
1223,47
1224,0
1224,4
1224,13
1224,17
1224,20
1224,21
1224,22
1224,26
1224,27
1224,28
1225,0
1225,9
1226,0
1226,4
1226,13
1226,17
1226,20
1226,21
1226,22
1226,26
1226,27
1226,28
1227,1
1227,5
1227,7
1227,47
1228,1
1228,2
1228,8
1228,10
1228,36
1229,1
1229,8
1229,10
1229,36
1230,9
1231,1
1231,5
1231,8
1231,10
1231,47
1232,1
1232,2
1232,8
1232,10
1232,36
1233,1
1233,2
1233,32
1233,36
1233,58
1234,1
1234,8
1234,10
1235,1
1235,5
1235,8
1235,10
1235,47
1236,0
1236,4
1236,13
1236,17
1236,20
1236,21
1236,22
1236,26
1236,27
1236,28
1237,1
1237,8
1237,10
1238,1
1238,5
1238,7
1238,8
1238,10
1238,47
1239,0
1239,4
1239,13
1239,17
1239,20
1239,21
1239,22
1239,26
1239,27
1239,28
1240,1
1240,9
1240,14
1241,9
1242,1
1242,8
1242,10
1243,0
1243,4
1243,13
1243,17
1243,20
1243,21
1243,22
1243,26
1243,27
1243,28
1244,0
1244,4
1244,13
1244,17
1244,20
1244,21
1244,22
1244,26
1244,27
1244,28
1245,1
1245,8
1245,10
1246,1
1246,5
1246,8
1246,10
1246,47
1247,1
1247,9
1248,2
1248,32
1248,58
1249,1
1249,8
1249,10
1250,1
1250,8
1250,10
1251,2
1251,9
1251,47
1252,1
1252,8
1252,10
1252,36
1253,2
1253,9
1253,32
1253,58
1254,1
1254,5
1254,7
1254,47
1255,0
1255,4
1255,13
1255,17
1255,20
1255,21
1255,22
1255,26
1255,27
1255,28
1256,0
1256,4
1256,13
1256,17
1256,20
1256,21
1256,22
1256,26
1256,27
1256,28
1257,0
1257,4
1257,13
1257,17
1257,20
1257,21
1257,22
1257,26
1257,27
1257,28
1258,1
1258,2
1258,5
1258,47
1259,0
1259,4
1259,13
1259,17
1259,20
1259,21
1259,22
1259,26
1259,27
1259,28
1260,1
1260,8
1260,10
1260,36
1261,2
1261,32
1261,58
1262,0
1263,1
1263,2
1263,8
1263,10
1263,32
1263,58
1264,1
1264,5
1264,47
1265,9
1266,0
1266,4
1266,13
1266,17
1266,20
1266,21
1266,22
1266,26
1266,27
1266,28
1267,1
1267,2
1268,1
1268,5
1268,47
1269,1
1269,2
1269,8
1269,10
1270,9
1271,1
1271,2
1271,32
1271,58
1272,1
1272,8
1272,10
1272,11
1272,36
1273,2
1273,32
1273,36
1273,58
1274,1
1274,8
1274,10
1275,0
1276,1
1276,2
1276,8
1276,10
1277,0
1277,4
1277,13
1277,17
1277,20
1277,21
1277,22
1277,26
1277,27
1277,28
1278,9
1279,0
1279,4
1279,13
1279,17
1279,20
1279,21
1279,22
1279,26
1279,27
1279,28
1280,9
1281,0
1281,4
1281,13
1281,17
1281,20
1281,21
1281,22
1281,26
1281,27
1281,28
1282,2
1282,9
1282,32
1282,58
1283,1
1283,2
1283,8
1283,10
1284,1
1284,5
1284,8
1284,10
1284,36
1284,47
1285,2
1285,32
1285,58
1286,1
1286,2
1286,8
1286,10
1286,32
1286,58
1287,0
1287,4
1287,13
1287,17
1287,20
1287,21
1287,22
1287,26
1287,27
1287,28
1288,1
1288,2
1288,8
1288,10
1288,32
1288,58
1289,9
1290,0
1290,4
1290,13
1290,17
1290,20
1290,21
1290,22
1290,26
1290,27
1290,28
1291,9
1292,1
1292,2
1292,8
1292,10
1293,2
1293,32
1294,1
1294,2
1294,8
1294,10
1294,58
1295,0
1295,9
1296,0
1296,4
1296,13
1296,17
1296,20
1296,21
1296,22
1296,26
1296,27
1296,28
1297,1
1297,2
1297,7
1297,8
1297,10
1298,0
1298,4
1298,13
1298,17
1298,20
1298,21
1298,22
1298,26
1298,27
1298,28
1299,1
1299,2
1299,32
1299,36
1299,58
1300,1
1300,8
1300,10
1301,0
1301,4
1301,13
1301,17
1301,20
1301,21
1301,22
1301,26
1301,27
1301,28
1302,1
1302,8
1302,10
1303,2
1303,32
1303,58
1304,1
1304,2
1304,8
1304,10
1304,36
1305,1
1305,2
1305,32
1305,58
1306,1
1306,5
1306,8
1306,10
1306,47
1307,1
1307,5
1307,7
1307,8
1307,10
1307,47
1308,1
1308,2
1308,36
1309,1
1309,2
1309,8
1309,10
1310,1
1310,5
1310,8
1310,10
1310,47
1311,1
1311,8
1311,10
1312,1
1312,2
1312,58
1313,1
1313,5
1313,8
1313,9
1313,10
1313,47
1314,0
1314,9
1315,0
1315,4
1315,13
1315,17
1315,20
1315,21
1315,22
1315,26
1315,27
1315,28
1316,2
1316,9
1317,1
1317,8
1317,10
1318,0
1318,4
1318,13
1318,17
1318,20
1318,21
1318,22
1318,26
1318,27
1318,28
1319,1
1319,9
1320,0
1320,4
1320,13
1320,17
1320,20
1320,21
1320,22
1320,26
1320,27
1320,28
1321,1
1321,2
1321,32
1321,36
1321,58
1322,9
1323,2
1323,32
1323,50
1323,58
1324,1
1324,8
1324,10
1325,2
1325,32
1326,0
1326,4
1326,13
1326,17
1326,20
1326,21
1326,22
1326,26
1326,27
1326,28
1327,0
1327,4
1327,13
1327,17
1327,20
1327,21
1327,22
1327,26
1327,27
1327,28
1328,1
1328,8
1328,9
1328,10
1329,1
1329,5
1329,8
1329,10
1329,47
1330,0
1330,13
1330,17
1330,21
1330,22
1331,1
1331,5
1331,8
1331,9
1331,10
1331,47
1332,1
1332,2
1332,8
1332,10
1332,58
1333,1
1333,5
1333,7
1333,47
1334,0
1334,4
1334,13
1334,17
1334,20
1334,21
1334,22
1334,26
1334,27
1334,28
1335,1
1335,5
1335,8
1335,10
1335,47
1336,1
1336,2
1336,8
1336,10
1336,32
1337,1
1337,5
1337,8
1337,10
1337,47
1338,0
1338,4
1338,13
1338,17
1338,20
1338,21
1338,22
1338,26
1338,27
1338,28
1339,1
1339,5
1339,47
1340,0
1340,4
1340,13
1340,17
1340,20
1340,21
1340,22
1340,26
1340,27
1340,28
1341,14
1342,1
1342,5
1342,8
1342,10
1342,47
1343,1
1343,2
1343,32
1343,58
1344,1
1344,9
1345,1
1346,9
1347,2
1347,32
1347,58
1348,0
1348,4
1348,13
1348,17
1348,20
1348,21
1348,22
1348,26
1348,27
1348,28
1349,1
1349,2
1349,32
1349,36
1349,58
1350,2
1350,9
1350,32
1350,58
1351,1
1351,8
1351,10
1352,1
1352,8
1352,10
1353,1
1353,2
1353,8
1353,10
1353,58
1354,1
1354,5
1354,47
1355,0
1355,4
1355,13
1355,17
1355,20
1355,21
1355,22
1355,26
1355,27
1355,28
1356,0
1356,4
1356,13
1356,17
1356,20
1356,21
1356,22
1356,26
1356,27
1356,28
1357,0
1357,9
1358,1
1358,8
1358,10
1359,1
1359,2
1359,8
1359,10
1359,11
1359,36
1360,1
1360,2
1360,8
1360,10
1360,36
1361,2
1361,9
1361,32
1361,58
1362,0
1362,4
1362,13
1362,17
1362,20
1362,21
1362,22
1362,26
1362,27
1362,28
1363,0
1363,4
1363,13
1363,17
1363,20
1363,21
1363,22
1363,26
1363,27
1363,28
1364,0
1364,4
1364,13
1364,17
1364,20
1364,21
1364,22
1364,26
1364,27
1364,28
1365,0
1365,4
1365,13
1365,17
1365,20
1365,21
1365,22
1365,26
1365,27
1365,28
1366,2
1366,11
1366,32
1367,1
1367,5
1367,8
1367,10
1367,47
1368,1
1368,7
1368,8
1368,10
1369,1
1369,5
1369,7
1369,47
1370,1
1370,8
1370,10
1371,1
1371,5
1371,8
1371,10
1371,47
1372,1
1372,8
1372,9
1372,10
1373,2
1373,11
1374,1
1374,2
1374,8
1374,10
1374,36
1374,58
1375,0
1375,4
1375,13
1375,17
1375,20
1375,21
1375,22
1375,26
1375,27
1375,28
1376,2
1376,32
1376,36
1376,58
1377,1
1377,8
1377,10
1378,9
1379,1
1379,5
1379,7
1379,8
1379,10
1379,47
1380,1
1380,5
1380,7
1380,8
1380,10
1380,47
1381,1
1381,8
1381,9
1381,10
1382,0
1382,4
1382,13
1382,17
1382,20
1382,21
1382,22
1382,26
1382,27
1382,28
1383,1
1383,5
1383,47
1384,0
1384,9
1385,0
1385,4
1385,13
1385,17
1385,20
1385,21
1385,22
1385,26
1385,27
1385,28
1386,9
1386,47
1387,2
1387,11
1387,58
1388,1
1388,5
1388,8
1388,10
1388,36
1388,47
1389,1
1389,2
1389,5
1389,8
1389,10
1389,47
1390,0
1390,4
1390,13
1390,17
1390,20
1390,21
1390,22
1390,26
1390,27
1390,28
1391,0
1391,4
1391,13
1391,17
1391,20
1391,21
1391,22
1391,26
1391,27
1391,28
1392,0
1392,4
1392,13
1392,17
1392,20
1392,21
1392,22
1392,26
1392,27
1392,28
1393,0
1393,9
1394,0
1394,4
1394,13
1394,17
1394,20
1394,21
1394,22
1394,26
1394,27
1394,28
1395,1
1395,8
1395,10
1395,36
1396,1
1396,8
1396,10
1397,1
1397,9
1398,2
1398,32
1398,58
1399,1
1399,2
1399,32
1399,58
1400,0
1400,4
1400,13
1400,17
1400,20
1400,21
1400,22
1400,26
1400,27
1400,28
1401,0
1401,9
1402,0
1402,4
1402,13
1402,17
1402,20
1402,21
1402,22
1402,26
1402,27
1402,28
1403,0
1403,4
1403,13
1403,17
1403,20
1403,21
1403,22
1403,26
1403,27
1403,28
1404,1
1404,2
1404,32
1404,58
1405,2
1405,9
1405,32
1405,58
1406,9
1407,1
1407,5
1407,7
1407,8
1407,9
1407,10
1407,47
1408,2
1408,11
1408,58
1409,1
1409,5
1409,47
1410,2
1410,32
1411,9
1412,1
1412,8
1412,10
1412,11
1412,36
1413,0
1413,4
1413,13
1413,17
1413,20
1413,21
1413,22
1413,26
1413,27
1413,28
1414,1
1414,5
1414,8
1414,10
1414,36
1414,47
1415,1
1415,5
1415,7
1415,47
1416,0
1416,4
1416,13
1416,17
1416,20
1416,21
1416,22
1416,26
1416,27
1416,28
1417,0
1417,9
1418,1
1418,5
1418,7
1418,47
1419,1
1419,8
1419,10
1419,36
1420,1
1420,2
1420,8
1420,10
1420,36
1421,1
1421,2
1421,8
1421,10
1422,1
1422,8
1422,9
1422,10
1423,1
1423,5
1423,8
1423,10
1423,47
1424,0
1424,4
1424,13
1424,17
1424,20
1424,21
1424,22
1424,26
1424,27
1424,28
1425,0
1425,4
1425,13
1425,17
1425,20
1425,21
1425,22
1425,26
1425,27
1425,28
1426,0
1426,4
1426,13
1426,17
1426,20
1426,21
1426,22
1426,26
1426,27
1426,28
1427,1
1428,0
1428,4
1428,13
1428,17
1428,20
1428,21
1428,22
1428,26
1428,27
1428,28
1429,1
1429,5
1429,8
1429,10
1429,47
1430,2
1430,32
1430,58
1431,9
1432,9
1433,9
1434,1
1434,8
1434,10
1435,1
1435,2
1435,8
1435,10
1436,9
1437,1
1437,8
1437,10
1438,1
1438,2
1438,32
1438,58
1439,1
1439,5
1439,8
1439,10
1439,47
1440,0
1440,4
1440,13
1440,17
1440,20
1440,21
1440,22
1440,26
1440,27
1440,28
1441,0
1441,4
1441,13
1441,17
1441,20
1441,21
1441,22
1441,26
1441,27
1441,28
1442,1
1442,2
1442,8
1442,10
1442,36
1442,58
1443,1
1443,8
1443,10
1444,0
1444,4
1444,13
1444,17
1444,20
1444,21
1444,22
1444,26
1444,27
1444,28
1445,2
1445,32
1445,36
1445,58
1446,0
1446,4
1446,13
1446,17
1446,20
1446,21
1446,22
1446,26
1446,27
1446,28
1447,0
1447,4
1447,13
1447,17
1447,20
1447,21
1447,22
1447,26
1447,27
1447,28
1448,2
1448,11
1448,32
1448,58
1449,1
1449,2
1449,8
1449,10
1449,32
1449,58
1450,0
1450,4
1450,13
1450,17
1450,20
1450,21
1450,22
1450,26
1450,27
1450,28
1451,1
1451,7
1451,8
1451,10
1451,43
1452,0
1452,4
1452,13
1452,17
1452,20
1452,21
1452,22
1452,26
1452,27
1452,28
1453,1
1453,2
1453,32
1453,58
1454,0
1454,4
1454,13
1454,17
1454,20
1454,21
1454,22
1454,26
1454,27
1454,28
1455,0
1455,4
1455,13
1455,17
1455,20
1455,21
1455,22
1455,26
1455,27
1455,28
1456,0
1456,4
1456,13
1456,17
1456,20
1456,21
1456,22
1456,26
1456,27
1456,28
1457,1
1457,2
1457,8
1457,10
1457,36
1458,1
1458,5
1458,8
1458,9
1458,10
1458,47
1459,0
1459,4
1459,13
1459,17
1459,20
1459,21
1459,22
1459,26
1459,27
1459,28
1460,2
1461,0
1461,9
1462,0
1462,4
1462,13
1462,17
1462,20
1462,21
1462,22
1462,26
1462,27
1462,28
1463,1
1463,5
1463,8
1463,10
1463,47
1464,1
1464,9
1465,0
1465,4
1465,13
1465,17
1465,20
1465,21
1465,22
1465,26
1465,27
1465,28
1466,0
1466,4
1466,13
1466,17
1466,20
1466,21
1466,22
1466,26
1466,27
1466,28
1467,1
1467,8
1467,9
1467,10
1468,1
1468,2
1468,8
1468,10
1469,0
1469,4
1469,13
1469,17
1469,20
1469,21
1469,22
1469,26
1469,27
1469,28
1470,1
1470,8
1470,10
1470,36
1471,0
1471,4
1471,13
1471,17
1471,20
1471,21
1471,22
1471,26
1471,27
1471,28
1472,1
1472,2
1472,32
1472,36
1472,58
1473,1
1473,2
1473,8
1473,10
1473,36
1474,9
1475,1
1475,8
1475,9
1475,10
1476,0
1476,2
1476,4
1476,13
1476,17
1476,20
1476,21
1476,22
1476,26
1476,27
1476,28
1477,0
1477,4
1477,13
1477,17
1477,20
1477,21
1477,22
1477,26
1477,27
1477,28
1478,9
1479,1
1479,5
1479,7
1479,8
1479,10
1479,47
1480,0
1480,4
1480,13
1480,17
1480,20
1480,21
1480,22
1480,26
1480,27
1480,28
1481,1
1481,2
1481,7
1481,32
1481,58
1482,2
1482,9
1482,47
1483,0
1483,4
1483,13
1483,17
1483,20
1483,21
1483,22
1483,26
1483,27
1483,28
1484,1
1484,2
1484,8
1484,10
1484,36
1485,0
1485,4
1485,13
1485,17
1485,20
1485,21
1485,22
1485,26
1485,27
1485,28
1486,1
1486,8
1486,10
1487,0
1487,4
1487,13
1487,17
1487,20
1487,21
1487,22
1487,26
1487,27
1487,28
1488,1
1488,2
1488,8
1488,10
1488,36
1489,2
1489,9
1489,32
1489,58
1490,2
1491,0
1491,13
1491,17
1491,21
1491,22
1492,0
1492,4
1492,13
1492,17
1492,20
1492,21
1492,22
1492,26
1492,27
1492,28
1493,2
1493,9
1493,47
1494,0
1494,4
1494,13
1494,17
1494,20
1494,21
1494,22
1494,26
1494,27
1494,28
1495,0
1495,4
1495,13
1495,17
1495,20
1495,21
1495,22
1495,26
1495,27
1495,28
1496,1
1496,9
1497,9
1498,1
1498,8
1498,10
1499,0
1499,4
1499,13
1499,17
1499,20
1499,21
1499,22
1499,26
1499,27
1499,28
1500,1
1500,2
1500,8
1500,10
1500,32
1500,58
1501,0
1501,4
1501,13
1501,17
1501,20
1501,21
1501,22
1501,26
1501,27
1501,28
1502,0
1502,4
1502,13
1502,17
1502,20
1502,21
1502,22
1502,26
1502,27
1502,28
1503,0
1503,4
1503,13
1503,17
1503,20
1503,21
1503,22
1503,26
1503,27
1503,28
1504,0
1504,4
1504,13
1504,17
1504,20
1504,21
1504,22
1504,26
1504,27
1504,28
1505,1
1505,2
1505,11
1506,9
1507,1
1507,8
1507,10
1508,2
1508,9
1508,47
1509,9
1510,9
1511,1
1511,5
1511,8
1511,10
1511,47
1512,0
1512,4
1512,13
1512,17
1512,20
1512,21
1512,22
1512,26
1512,27
1512,28
1513,0
1513,4
1513,13
1513,17
1513,20
1513,21
1513,22
1513,26
1513,27
1513,28
1514,1
1514,8
1514,10
1515,1
1515,5
1515,8
1515,10
1515,47
1516,0
1516,4
1516,13
1516,17
1516,20
1516,21
1516,22
1516,26
1516,27
1516,28
1517,1
1517,8
1517,10
1518,1
1518,7
1518,8
1518,10
1519,2
1519,11
1519,32
1519,58
1520,1
1520,5
1520,47
1521,1
1521,2
1521,5
1521,8
1521,10
1521,47
1522,1
1522,5
1522,47
1523,0
1523,4
1523,13
1523,17
1523,20
1523,21
1523,22
1523,26
1523,27
1523,28
1524,0
1524,4
1524,13
1524,17
1524,20
1524,21
1524,22
1524,26
1524,27
1524,28
1525,2
1525,9
1525,58
1526,0
1526,4
1526,13
1526,17
1526,20
1526,21
1526,22
1526,26
1526,27
1526,28
1527,0
1527,4
1527,13
1527,17
1527,20
1527,21
1527,22
1527,26
1527,27
1527,28
1528,1
1528,5
1528,8
1528,10
1528,47
1529,2
1529,9
1529,47
1530,0
1530,4
1530,13
1530,17
1530,20
1530,21
1530,22
1530,26
1530,27
1530,28
1531,0
1531,4
1531,13
1531,17
1531,20
1531,21
1531,22
1531,26
1531,27
1531,28
1532,1
1532,14
1533,0
1534,0
1534,4
1534,13
1534,17
1534,20
1534,21
1534,22
1534,26
1534,27
1534,28
1535,0
1535,4
1535,13
1535,17
1535,20
1535,21
1535,22
1535,26
1535,27
1535,28
1536,2
1536,9
1536,47
1537,2
1537,11
1537,32
1537,58
1538,0
1538,13
1538,17
1538,21
1538,22
1539,0
1539,4
1539,13
1539,17
1539,20
1539,21
1539,22
1539,26
1539,27
1539,28
1540,9
1541,1
1541,5
1541,7
1541,8
1541,10
1541,47
1542,1
1542,2
1542,8
1542,10
1542,32
1542,58
1543,0
1543,4
1543,13
1543,17
1543,20
1543,21
1543,22
1543,26
1543,27
1543,28
1544,1
1544,5
1544,47
1545,1
1545,8
1545,10
1546,2
1546,11
1546,58
1547,0
1547,4
1547,13
1547,17
1547,20
1547,21
1547,22
1547,26
1547,27
1547,28
1548,1
1548,5
1548,8
1548,10
1548,47
1549,1
1549,5
1549,8
1549,10
1549,47
1550,2
1550,9
1550,32
1550,58
1551,9
1552,1
1552,8
1552,10
1553,1
1553,8
1553,10
1554,1
1554,2
1554,7
1554,8
1554,10
1555,0
1555,4
1555,13
1555,17
1555,20
1555,21
1555,22
1555,26
1555,27
1555,28
1556,9
1557,0
1557,9
1558,0
1558,1
1558,9
1559,1
1559,2
1559,8
1559,10
1560,0
1560,4
1560,13
1560,17
1560,20
1560,21
1560,22
1560,26
1560,27
1560,28
1561,2
1561,9
1561,47
1562,0
1562,4
1562,13
1562,17
1562,20
1562,21
1562,22
1562,26
1562,27
1562,28
1563,1
1563,2
1563,5
1563,8
1563,10
1563,47
1564,1
1564,2
1564,8
1564,10
1565,1
1565,8
1565,10
1566,0
1566,4
1566,13
1566,17
1566,20
1566,21
1566,22
1566,26
1566,27
1566,28
1567,1
1567,8
1567,10
1568,1
1568,8
1568,9
1568,10
1569,1
1569,2
1569,8
1569,10
1569,36
1569,58
1571,0
1571,2
1571,9
1572,1
1572,2
1572,8
1572,10
1572,32
1572,58
1573,1
1573,2
1573,11
1573,32
1573,58
1574,0
1574,4
1574,13
1574,17
1574,20
1574,21
1574,22
1574,26
1574,27
1574,28
1575,1
1576,0
1576,4
1576,13
1576,17
1576,20
1576,21
1576,22
1576,26
1576,27
1576,28
1577,0
1577,4
1577,13
1577,17
1577,20
1577,21
1577,22
1577,26
1577,27
1577,28
1578,2
1578,9
1578,47
1579,1
1579,8
1579,10
1580,0
1580,4
1580,13
1580,17
1580,20
1580,21
1580,22
1580,26
1580,27
1580,28
1581,2
1581,32
1581,58
1582,1
1582,2
1582,32
1582,58
1583,1
1583,2
1583,8
1583,10
1584,1
1584,8
1584,9
1584,10
1585,1
1585,2
1585,32
1585,58
1586,1
1586,5
1586,8
1586,10
1586,47
1587,2
1587,32
1587,58
1588,0
1588,4
1588,13
1588,17
1588,20
1588,21
1588,22
1588,26
1588,27
1588,28
1589,1
1589,2
1589,5
1589,47
1590,1
1590,8
1590,10
1591,0
1591,4
1591,13
1591,17
1591,20
1591,21
1591,22
1591,26
1591,27
1591,28
1592,9
1593,1
1593,8
1593,9
1593,10
1594,9
1595,1
1595,2
1595,36
1596,1
1596,5
1596,47
1597,1
1597,7
1597,8
1597,9
1597,10
1598,0
1598,9
1599,0
1599,4
1599,13
1599,17
1599,20
1599,21
1599,22
1599,26
1599,27
1599,28
1600,2
1600,9
1600,47
1601,1
1601,5
1601,8
1601,10
1601,47
1602,1
1602,5
1602,8
1602,10
1602,47
1603,1
1603,2
1603,8
1603,10
1603,32
1603,58
1604,1
1604,2
1605,9
1606,1
1606,5
1606,47
1607,1
1607,5
1607,8
1607,10
1607,47
1608,9
1609,1
1609,7
1609,8
1609,10
1610,1
1610,8
1610,10
1611,0
1612,9
1613,1
1613,2
1613,32
1613,58
1614,0
1614,4
1614,13
1614,17
1614,20
1614,21
1614,22
1614,26
1614,27
1614,28
1615,2
1615,32
1615,58
1616,1
1616,2
1616,58
1617,1
1617,5
1617,7
1617,8
1617,10
1617,47
1618,1
1618,2
1618,11
1619,1
1619,5
1619,8
1619,10
1619,47
1620,0
1620,4
1620,13
1620,17
1620,20
1620,21
1620,22
1620,26
1620,27
1620,28
1621,0
1621,9
1622,0
1622,4
1622,13
1622,17
1622,20
1622,21
1622,22
1622,26
1622,27
1622,28
1623,0
1623,4
1623,13
1623,17
1623,20
1623,21
1623,22
1623,26
1623,27
1623,28
1624,1
1624,5
1624,8
1624,10
1624,47
1625,1
1625,9
1625,39
1626,1
1626,5
1626,7
1626,8
1626,10
1626,47
1627,2
1627,58
1628,0
1628,4
1628,13
1628,17
1628,20
1628,21
1628,22
1628,26
1628,27
1628,28
1629,1
1629,2
1629,32
1629,58
1630,1
1630,5
1630,8
1630,10
1630,47
1631,0
1631,4
1631,13
1631,17
1631,20
1631,21
1631,22
1631,26
1631,27
1631,28
1632,9
1633,1
1633,8
1633,10
1634,1
1634,5
1634,47
1635,1
1635,8
1635,10
1636,0
1636,4
1636,13
1636,17
1636,20
1636,21
1636,22
1636,26
1636,27
1636,28
1637,1
1637,8
1637,10
1637,36
1638,0
1638,4
1638,13
1638,17
1638,20
1638,21
1638,22
1638,26
1638,27
1638,28
1639,1
1639,7
1639,8
1639,10
1640,1
1640,8
1640,10
1641,0
1641,9
1642,0
1642,4
1642,13
1642,17
1642,20
1642,21
1642,22
1642,26
1642,27
1642,28
1643,1
1643,2
1643,32
1643,58
1644,1
1644,2
1644,5
1644,8
1644,10
1644,47
1645,1
1645,8
1645,10
1646,2
1646,32
1646,58
1647,0
1647,4
1647,13
1647,17
1647,20
1647,21
1647,22
1647,26
1647,27
1647,28
1648,1
1648,2
1648,9
1648,32
1648,58
1649,9
1650,0
1650,4
1650,13
1650,17
1650,20
1650,21
1650,22
1650,26
1650,27
1650,28
1651,0
1651,4
1651,13
1651,17
1651,20
1651,21
1651,22
1651,26
1651,27
1651,28
1652,1
1652,2
1652,8
1652,10
1653,1
1653,9
1654,0
1654,4
1654,13
1654,17
1654,20
1654,21
1654,22
1654,26
1654,27
1654,28
1655,0
1655,4
1655,13
1655,17
1655,20
1655,21
1655,22
1655,26
1655,27
1655,28
1656,2
1656,32
1656,36
1656,58
1657,1
1657,7
1657,8
1657,10
1658,0
1658,4
1658,13
1658,17
1658,20
1658,21
1658,22
1658,26
1658,27
1658,28
1659,1
1659,2
1659,32
1659,58
1660,1
1660,2
1660,8
1660,10
1660,58
1661,0
1661,9
1662,1
1662,8
1662,10
1662,14
1663,1
1663,8
1663,10
1664,0
1664,4
1664,13
1664,17
1664,20
1664,21
1664,22
1664,26
1664,27
1664,28
1665,0
1665,4
1665,13
1665,17
1665,20
1665,21
1665,22
1665,26
1665,27
1665,28
1666,1
1666,7
1666,8
1666,10
1667,0
1667,4
1667,13
1667,17
1667,20
1667,21
1667,22
1667,26
1667,27
1667,28
1668,0
1668,4
1668,13
1668,17
1668,20
1668,21
1668,22
1668,26
1668,27
1668,28
1669,0
1669,4
1669,13
1669,17
1669,20
1669,21
1669,22
1669,26
1669,27
1669,28
1670,1
1670,2
1670,8
1670,10
1671,1
1671,5
1671,7
1671,47
1672,0
1673,1
1673,2
1673,8
1673,10
1674,0
1674,4
1674,13
1674,17
1674,20
1674,21
1674,22
1674,26
1674,27
1674,28
1675,1
1675,2
1675,32
1675,36
1675,58
1676,1
1676,8
1676,10
1677,9
1678,0
1678,4
1678,13
1678,17
1678,20
1678,21
1678,22
1678,26
1678,27
1678,28
1679,1
1679,8
1679,10
1680,0
1680,4
1680,13
1680,17
1680,20
1680,21
1680,22
1680,26
1680,27
1680,28
1681,1
1681,5
1681,8
1681,10
1681,47
1682,0
1682,4
1682,13
1682,17
1682,20
1682,21
1682,22
1682,26
1682,27
1682,28
1683,0
1683,4
1683,13
1683,17
1683,20
1683,21
1683,22
1683,26
1683,27
1683,28
1684,1
1684,8
1684,10
1685,9
1686,1
1686,2
1686,5
1686,8
1686,10
1686,47
1687,0
1687,4
1687,13
1687,17
1687,20
1687,21
1687,22
1687,26
1687,27
1687,28
1688,1
1688,8
1688,10
1689,0
1689,9
1690,0
1690,4
1690,13
1690,17
1690,20
1690,21
1690,22
1690,26
1690,27
1690,28
1691,1
1691,2
1691,36
1692,9
1693,1
1693,8
1693,10
1694,2
1694,32
1694,58
1695,2
1695,32
1695,58
1696,1
1696,2
1696,32
1696,58
1697,9
1698,9
1699,0
1699,4
1699,13
1699,17
1699,20
1699,21
1699,22
1699,26
1699,27
1699,28
1700,1
1700,2
1700,32
1700,36
1700,58
1701,0
1701,4
1701,13
1701,17
1701,20
1701,21
1701,22
1701,26
1701,27
1701,28
1702,1
1702,2
1702,32
1702,58
1703,1
1703,2
1703,8
1703,10
1703,32
1703,58
1704,1
1704,8
1704,10
1705,0
1705,4
1705,13
1705,17
1705,20
1705,21
1705,22
1705,26
1705,27
1705,28
1706,1
1706,8
1706,10
1707,2
1707,11
1707,58
1708,0
1708,4
1708,13
1708,17
1708,20
1708,21
1708,22
1708,26
1708,27
1708,28
1709,1
1709,2
1709,58
1710,1
1710,2
1710,7
1710,32
1710,58
1711,0
1711,4
1711,13
1711,17
1711,20
1711,21
1711,22
1711,26
1711,27
1711,28
1712,2
1712,9
1712,47
1713,9
1713,47
1714,1
1714,2
1714,8
1714,10
1715,2
1715,9
1716,9
1717,0
1717,4
1717,13
1717,17
1717,20
1717,21
1717,22
1717,26
1717,27
1717,28
1718,1
1718,2
1718,8
1718,10
1718,36
1719,0
1719,4
1719,13
1719,17
1719,20
1719,21
1719,22
1719,26
1719,27
1719,28
1720,0
1720,4
1720,13
1720,17
1720,20
1720,21
1720,22
1720,26
1720,27
1720,28
1721,1
1721,5
1721,47
1722,1
1722,8
1722,10
1723,0
1723,4
1723,13
1723,17
1723,20
1723,21
1723,22
1723,26
1723,27
1723,28
1724,0
1724,4
1724,13
1724,17
1724,20
1724,21
1724,22
1724,26
1724,27
1724,28
1725,0
1725,4
1725,13
1725,17
1725,20
1725,21
1725,22
1725,26
1725,27
1725,28
1726,0
1727,1
1727,5
1727,8
1727,10
1727,47
1728,0
1728,4
1728,13
1728,17
1728,20
1728,21
1728,22
1728,26
1728,27
1728,28
1729,1
1729,8
1729,9
1729,10
1729,36
1730,0
1730,9
1731,0
1731,4
1731,13
1731,17
1731,20
1731,21
1731,22
1731,26
1731,27
1731,28
1732,1
1732,7
1732,8
1732,10
1733,1
1733,2
1733,5
1733,7
1733,8
1733,10
1733,47
1734,0
1734,4
1734,13
1734,17
1734,20
1734,21
1734,22
1734,26
1734,27
1734,28
1735,2
1735,32
1735,58
1736,0
1736,4
1736,13
1736,17
1736,20
1736,21
1736,22
1736,26
1736,27
1736,28
1737,1
1737,2
1737,8
1737,10
1738,0
1738,4
1738,13
1738,17
1738,20
1738,21
1738,22
1738,26
1738,27
1738,28
1739,1
1739,2
1739,32
1739,36
1739,58
1740,0
1740,9
1741,2
1741,9
1741,47
1742,0
1742,4
1742,13
1742,17
1742,20
1742,21
1742,22
1742,26
1742,27
1742,28
1743,1
1743,5
1743,7
1743,47
1744,1
1744,2
1744,11
1745,0
1745,9
1746,1
1746,5
1746,8
1746,10
1746,47
1747,1
1747,2
1747,8
1747,10
1747,32
1747,58
1748,0
1748,4
1748,13
1748,17
1748,20
1748,21
1748,22
1748,26
1748,27
1748,28
1749,1
1749,2
1749,8
1749,10
1749,58
1750,1
1750,5
1750,8
1750,10
1750,47
1751,0
1751,4
1751,13
1751,17
1751,20
1751,21
1751,22
1751,26
1751,27
1751,28
1752,2
1752,9
1753,9
1754,1
1754,5
1754,8
1754,10
1754,47
1755,2
1755,11
1755,32
1755,58
1756,0
1756,4
1756,13
1756,17
1756,20
1756,21
1756,22
1756,26
1756,27
1756,28
1757,0
1757,4
1757,13
1757,17
1757,20
1757,21
1757,22
1757,26
1757,27
1757,28
1758,0
1759,0
1759,4
1759,13
1759,17
1759,20
1759,21
1759,22
1759,26
1759,27
1759,28
1760,1
1760,7
1761,1
1761,8
1761,10
1762,0
1762,4
1762,13
1762,17
1762,20
1762,21
1762,22
1762,26
1762,27
1762,28
1763,1
1763,7
1763,8
1763,10
1764,0
1764,4
1764,13
1764,17
1764,20
1764,21
1764,22
1764,26
1764,27
1764,28
1765,1
1765,2
1765,7
1766,0
1766,4
1766,13
1766,17
1766,20
1766,21
1766,22
1766,26
1766,27
1766,28
1767,1
1767,8
1767,10
1767,36
1768,0
1768,4
1768,13
1768,17
1768,20
1768,21
1768,22
1768,26
1768,27
1768,28
1769,0
1769,4
1769,13
1769,17
1769,20
1769,21
1769,22
1769,26
1769,27
1769,28
1770,0
1770,4
1770,13
1770,17
1770,20
1770,21
1770,22
1770,26
1770,27
1770,28
1771,0
1771,4
1771,13
1771,17
1771,20
1771,21
1771,22
1771,26
1771,27
1771,28
1772,2
1772,58
1773,0
1773,9
1774,1
1774,5
1774,8
1774,10
1774,47
1775,1
1775,8
1775,10
1776,1
1776,5
1776,8
1776,10
1776,47
1777,0
1778,1
1778,2
1778,8
1778,10
1778,32
1778,58
1779,0
1779,4
1779,13
1779,17
1779,20
1779,21
1779,22
1779,26
1779,27
1779,28
1780,1
1780,5
1780,8
1780,10
1780,47
1781,0
1781,4
1781,13
1781,17
1781,20
1781,21
1781,22
1781,26
1781,27
1781,28
1782,1
1782,5
1782,8
1782,10
1782,47
1783,0
1783,4
1783,13
1783,17
1783,20
1783,21
1783,22
1783,26
1783,27
1783,28
1784,1
1784,2
1784,5
1784,7
1784,8
1784,10
1784,47
1785,1
1785,5
1785,47
1786,0
1786,4
1786,13
1786,17
1786,20
1786,21
1786,22
1786,26
1786,27
1786,28
1787,1
1787,5
1787,7
1787,8
1787,10
1787,47
1788,2
1788,9
1788,32
1788,58
1789,0
1789,4
1789,13
1789,17
1789,20
1789,21
1789,22
1789,26
1789,27
1789,28
1790,0
1790,4
1790,13
1790,17
1790,20
1790,21
1790,22
1790,26
1790,27
1790,28
1791,0
1791,4
1791,13
1791,17
1791,20
1791,21
1791,22
1791,26
1791,27
1791,28
1792,0
1792,4
1792,13
1792,17
1792,20
1792,21
1792,22
1792,26
1792,27
1792,28
1793,1
1793,5
1793,8
1793,10
1793,47
1794,1
1794,8
1794,9
1794,10
1795,1
1795,8
1795,10
1796,1
1796,8
1796,9
1796,10
1797,1
1797,2
1797,32
1797,58
1798,1
1798,8
1798,10
1799,1
1799,2
1799,8
1799,10
1799,36
1799,58
1800,1
1800,8
1800,10
1801,1
1801,2
1801,36
1801,58
1802,1
1802,5
1802,8
1802,10
1802,47
1803,0
1803,4
1803,13
1803,17
1803,20
1803,21
1803,22
1803,26
1803,27
1803,28
1804,2
1804,32
1804,58
1805,0
1805,4
1805,13
1805,17
1805,20
1805,21
1805,22
1805,26
1805,27
1805,28
1806,1
1806,7
1806,8
1806,10
1807,9
1808,0
1808,4
1808,13
1808,17
1808,20
1808,21
1808,22
1808,26
1808,27
1808,28
1809,0
1809,4
1809,13
1809,17
1809,20
1809,21
1809,22
1809,26
1809,27
1809,28
1810,0
1810,4
1810,13
1810,17
1810,20
1810,21
1810,22
1810,26
1810,27
1810,28
1811,1
1811,2
1811,32
1811,58
1812,9
1813,0
1813,9
1813,13
1813,22
1814,0
1814,4
1814,13
1814,17
1814,20
1814,21
1814,22
1814,26
1814,27
1814,28
1815,0
1815,4
1815,13
1815,17
1815,20
1815,21
1815,22
1815,26
1815,27
1815,28
1816,0
1816,9
1817,0
1817,4
1817,13
1817,17
1817,20
1817,21
1817,22
1817,26
1817,27
1817,28
1818,1
1818,2
1818,8
1818,10
1818,32
1818,58
1819,1
1819,8
1819,10
1820,1
1820,8
1820,10
1821,0
1821,4
1821,13
1821,17
1821,20
1821,21
1821,22
1821,26
1821,27
1821,28
1822,0
1822,4
1822,13
1822,17
1822,20
1822,21
1822,22
1822,26
1822,27
1822,28
1823,1
1823,8
1823,10
1824,0
1824,9
1825,1
1825,2
1825,8
1825,10
1826,1
1826,2
1826,8
1826,10
1826,32
1826,58
1827,0
1827,4
1827,13
1827,17
1827,20
1827,21
1827,22
1827,26
1827,27
1827,28
1828,1
1828,2
1828,8
1828,10
1828,36
1829,1
1829,2
1829,32
1829,36
1829,58
1830,1
1830,2
1830,8
1830,10
1830,32
1830,58
1831,1
1831,5
1831,8
1831,10
1831,47
1832,0
1832,4
1832,13
1832,17
1832,20
1832,21
1832,22
1832,26
1832,27
1832,28
1833,0
1833,4
1833,13
1833,17
1833,20
1833,21
1833,22
1833,26
1833,27
1833,28
1834,0
1835,0
1835,4
1835,13
1835,17
1835,20
1835,21
1835,22
1835,26
1835,27
1835,28
1836,0
1836,4
1836,13
1836,17
1836,20
1836,21
1836,22
1836,26
1836,27
1836,28
1837,0
1837,4
1837,13
1837,17
1837,20
1837,21
1837,22
1837,26
1837,27
1837,28
1838,0
1838,4
1838,13
1838,17
1838,20
1838,21
1838,22
1838,26
1838,27
1838,28
1839,0
1839,4
1839,13
1839,17
1839,20
1839,21
1839,22
1839,26
1839,27
1839,28
1840,0
1840,4
1840,13
1840,17
1840,20
1840,21
1840,22
1840,26
1840,27
1840,28
1841,9
1842,0
1842,4
1842,13
1842,17
1842,20
1842,21
1842,22
1842,26
1842,27
1842,28
1843,0
1843,4
1843,13
1843,17
1843,20
1843,21
1843,22
1843,26
1843,27
1843,28
1844,9
1845,1
1845,2
1845,8
1845,10
1846,9
1847,0
1847,4
1847,13
1847,17
1847,20
1847,21
1847,22
1847,26
1847,27
1847,28
1848,0
1848,4
1848,13
1848,17
1848,20
1848,21
1848,22
1848,26
1848,27
1848,28
1849,1
1849,14
1850,0
1850,4
1850,13
1850,17
1850,20
1850,21
1850,22
1850,26
1850,27
1850,28
1851,1
1851,2
1851,8
1851,10
1852,1
1852,7
1852,8
1852,10
1853,0
1853,4
1853,13
1853,17
1853,20
1853,21
1853,22
1853,26
1853,27
1853,28
1854,1
1854,2
1854,36
1854,58
1855,0
1855,4
1855,13
1855,17
1855,20
1855,21
1855,22
1855,26
1855,27
1855,28
1856,0
1856,4
1856,13
1856,17
1856,20
1856,21
1856,22
1856,26
1856,27
1856,28
1857,0
1857,4
1857,13
1857,17
1857,20
1857,21
1857,22
1857,26
1857,27
1857,28
1858,0
1858,4
1858,13
1858,17
1858,20
1858,21
1858,22
1858,26
1858,27
1858,28
1859,9
1860,2
1860,32
1860,36
1860,58
1861,2
1861,9
1861,32
1861,58
1862,1
1862,8
1862,10
1862,36
1863,1
1863,8
1863,10
1863,36
1864,2
1864,11
1864,32
1864,58
1865,0
1865,47
1866,0
1866,4
1866,13
1866,17
1866,20
1866,21
1866,22
1866,26
1866,27
1866,28
1867,2
1867,9
1867,32
1867,58
1868,0
1868,9
1869,0
1869,9
1870,0
1870,13
1870,17
1870,20
1870,21
1870,22
1870,26
1871,0
1871,4
1871,13
1871,17
1871,20
1871,21
1871,22
1871,26
1871,27
1871,28
1872,9
1873,1
1873,2
1873,8
1873,10
1873,36
1874,1
1874,5
1874,47
1875,0
1875,4
1875,13
1875,17
1875,20
1875,21
1875,22
1875,26
1875,27
1875,28
1876,0
1876,4
1876,13
1876,17
1876,20
1876,21
1876,22
1876,26
1876,27
1876,28
1877,0
1877,4
1877,13
1877,17
1877,20
1877,21
1877,22
1877,26
1877,27
1877,28
1878,0
1878,4
1878,13
1878,17
1878,20
1878,21
1878,22
1878,26
1878,27
1878,28
1879,1
1879,2
1879,32
1879,58
1880,2
1880,11
1880,32
1880,58
1881,1
1881,5
1881,47
1882,9
1883,0
1883,4
1883,13
1883,17
1883,20
1883,21
1883,22
1883,26
1883,27
1883,28
1884,0
1884,4
1884,13
1884,17
1884,20
1884,21
1884,22
1884,26
1884,27
1884,28
1885,0
1885,4
1885,13
1885,17
1885,20
1885,21
1885,22
1885,26
1885,27
1885,28
1886,1
1886,5
1886,7
1886,47
1887,0
1887,4
1887,13
1887,17
1887,20
1887,21
1887,22
1887,26
1887,27
1887,28
1888,9
1889,1
1889,2
1890,1
1890,8
1890,10
1891,1
1891,2
1891,8
1891,10
1891,36
1892,0
1892,4
1892,13
1892,17
1892,20
1892,21
1892,22
1892,26
1892,27
1892,28
1893,1
1893,5
1893,8
1893,10
1893,36
1893,47
1894,1
1894,8
1894,10
1895,0
1895,4
1895,13
1895,17
1895,20
1895,21
1895,22
1895,26
1895,27
1895,28
1896,0
1896,4
1896,13
1896,17
1896,20
1896,21
1896,22
1896,26
1896,27
1896,28
1897,9
1898,2
1898,9
1899,0
1899,4
1899,13
1899,17
1899,20
1899,21
1899,22
1899,26
1899,27
1899,28
1900,1
1900,5
1900,7
1900,8
1900,10
1900,47
1901,1
1901,5
1901,7
1901,47
1902,0
1902,4
1902,13
1902,17
1902,20
1902,21
1902,22
1902,26
1902,27
1902,28
1903,0
1903,4
1903,13
1903,17
1903,20
1903,21
1903,22
1903,26
1903,27
1903,28
1904,1
1904,2
1904,8
1904,10
1904,36
1905,0
1905,9
1906,2
1906,32
1906,58
1907,2
1907,9
1908,5
1909,1
1909,2
1909,9
1910,1
1910,14
1911,0
1911,4
1911,13
1911,17
1911,20
1911,21
1911,22
1911,26
1911,27
1911,28
1912,1
1912,2
1912,8
1912,10
1912,32
1912,58
1913,0
1913,4
1913,13
1913,17
1913,20
1913,21
1913,22
1913,26
1913,27
1913,28
1914,1
1914,2
1915,1
1915,2
1915,8
1915,10
1916,9
1917,0
1917,4
1917,13
1917,17
1917,20
1917,21
1917,22
1917,26
1917,27
1917,28
1918,1
1918,8
1918,10
1919,1
1919,2
1919,8
1919,10
1919,36
1919,58
1920,1
1920,2
1920,8
1920,10
1920,11
1921,0
1921,4
1921,13
1921,17
1921,20
1921,21
1921,22
1921,26
1921,27
1921,28
1922,9
1923,0
1923,4
1923,13
1923,17
1923,20
1923,21
1923,22
1923,26
1923,27
1923,28
1924,1
1924,5
1924,47
1925,0
1925,4
1925,13
1925,17
1925,20
1925,21
1925,22
1925,26
1925,27
1925,28
1926,0
1926,4
1926,13
1926,17
1926,20
1926,21
1926,22
1926,26
1926,27
1926,28
1927,0
1927,4
1927,13
1927,17
1927,20
1927,21
1927,22
1927,26
1927,27
1927,28
1928,9
1929,9
1930,0
1930,9
1931,2
1931,32
1931,36
1931,58
1932,0
1932,4
1932,13
1932,17
1932,20
1932,21
1932,22
1932,26
1932,27
1932,28
1933,0
1933,4
1933,13
1933,17
1933,20
1933,21
1933,22
1933,26
1933,27
1933,28
1934,2
1934,32
1935,0
1935,4
1935,13
1935,17
1935,20
1935,21
1935,22
1935,26
1935,27
1935,28
1936,1
1936,8
1936,9
1936,10
1937,1
1937,5
1937,47
1938,1
1938,2
1938,8
1938,10
1939,0
1939,4
1939,13
1939,17
1939,20
1939,21
1939,22
1939,26
1939,27
1939,28
1940,1
1940,5
1940,8
1940,10
1940,47
1941,1
1941,8
1941,10
1941,36
1942,0
1942,4
1942,13
1942,17
1942,20
1942,21
1942,22
1942,26
1942,27
1942,28
1943,9
1944,0
1944,4
1944,13
1944,17
1944,20
1944,21
1944,22
1944,26
1944,27
1944,28
1945,0
1945,4
1945,13
1945,17
1945,20
1945,21
1945,22
1945,26
1945,27
1945,28
1946,9
1947,1
1947,5
1947,47
1948,1
1948,8
1948,9
1948,10
1949,0
1949,4
1949,13
1949,17
1949,20
1949,21
1949,22
1949,26
1949,27
1949,28
1950,0
1950,4
1950,13
1950,17
1950,20
1950,21
1950,22
1950,26
1950,27
1950,28
1951,1
1951,2
1951,8
1951,10
1951,36
1952,0
1952,4
1952,13
1952,17
1952,20
1952,21
1952,22
1952,26
1952,27
1952,28
1953,0
1953,9
1954,0
1954,4
1954,13
1954,17
1954,20
1954,21
1954,22
1954,26
1954,27
1954,28
1955,1
1955,2
1955,8
1955,10
1955,36
1956,0
1956,4
1956,13
1956,17
1956,20
1956,21
1956,22
1956,26
1956,27
1956,28
1957,1
1957,2
1958,0
1958,4
1958,13
1958,17
1958,20
1958,21
1958,22
1958,26
1958,27
1958,28
1959,0
1959,4
1959,13
1959,17
1959,20
1959,21
1959,22
1959,26
1959,27
1959,28
1960,0
1960,4
1960,13
1960,17
1960,20
1960,21
1960,22
1960,26
1960,27
1960,28
1961,9
1962,1
1962,2
1962,11
1963,1
1963,2
1963,32
1963,58
1964,0
1964,4
1964,13
1964,17
1964,20
1964,21
1964,22
1964,26
1964,27
1964,28
1965,1
1965,5
1965,7
1965,47
1966,0
1966,4
1966,13
1966,17
1966,20
1966,21
1966,22
1966,26
1966,27
1966,28
1967,1
1967,2
1967,8
1967,10
1968,1
1968,5
1968,7
1968,8
1968,10
1968,47
1969,0
1969,4
1969,13
1969,17
1969,20
1969,21
1969,22
1969,26
1969,27
1969,28
1970,0
1970,4
1970,13
1970,17
1970,20
1970,21
1970,22
1970,26
1970,27
1970,28
1971,1
1971,8
1971,10
1972,1
1972,8
1972,10
1973,0
1973,4
1973,13
1973,17
1973,20
1973,21
1973,22
1973,26
1973,27
1973,28
1974,0
1974,4
1974,13
1974,17
1974,20
1974,21
1974,22
1974,26
1974,27
1974,28
1975,1
1975,2
1975,5
1975,9
1975,47
1976,1
1976,5
1976,7
1976,8
1976,10
1976,47
1977,1
1977,2
1977,32
1977,58
1978,2
1978,11
1979,1
1979,5
1979,8
1979,10
1979,47
1980,0
1980,4
1980,13
1980,17
1980,20
1980,21
1980,22
1980,26
1980,27
1980,28
1981,1
1981,2
1981,8
1981,10
1981,36
1981,58
1982,0
1982,4
1982,13
1982,17
1982,20
1982,21
1982,22
1982,26
1982,27
1982,28
1983,0
1983,4
1983,13
1983,17
1983,20
1983,21
1983,22
1983,26
1983,27
1983,28
1984,0
1984,4
1984,13
1984,17
1984,20
1984,21
1984,22
1984,26
1984,27
1984,28
1985,0
1985,4
1985,13
1985,17
1985,20
1985,21
1985,22
1985,26
1985,27
1985,28
1986,1
1986,5
1986,8
1986,10
1986,47
1987,1
1987,2
1987,8
1987,10
1988,1
1988,2
1988,32
1988,58
1989,0
1989,1
1990,0
1990,4
1990,13
1990,17
1990,20
1990,21
1990,22
1990,26
1990,27
1990,28
1991,0
1991,4
1991,13
1991,17
1991,20
1991,21
1991,22
1991,26
1991,27
1991,28
1992,0
1992,4
1992,13
1992,17
1992,20
1992,21
1992,22
1992,26
1992,27
1992,28
1993,0
1993,4
1993,13
1993,17
1993,20
1993,21
1993,22
1993,26
1993,27
1993,28
1994,1
1994,8
1994,10
1995,0
1995,4
1995,13
1995,17
1995,20
1995,21
1995,22
1995,26
1995,27
1995,28
1996,0
1997,0
1997,4
1997,13
1997,17
1997,20
1997,21
1997,22
1997,26
1997,27
1997,28
1998,2
1998,9
1998,32
1998,58
1999,0
1999,4
1999,13
1999,17
1999,20
1999,21
1999,22
1999,26
1999,27
1999,28
2000,1
2000,8
2000,10
2001,0
2001,9
2002,0
2002,4
2002,13
2002,17
2002,20
2002,21
2002,22
2002,26
2002,27
2002,28
2003,2
2003,11
2003,32
2003,58
2004,0
2004,4
2004,13
2004,17
2004,20
2004,21
2004,22
2004,26
2004,27
2004,28
2005,1
2005,7
2005,8
2005,10
2006,0
2006,4
2006,13
2006,17
2006,20
2006,21
2006,22
2006,26
2006,27
2006,28
2007,1
2007,2
2007,5
2007,8
2007,9
2007,10
2007,47
2008,0
2008,4
2008,13
2008,17
2008,20
2008,21
2008,22
2008,26
2008,27
2008,28
2009,2
2009,11
2010,2
2010,9
2010,47
2011,0
2011,4
2011,13
2011,17
2011,20
2011,21
2011,22
2011,26
2011,27
2011,28
2012,1
2012,5
2012,7
2012,8
2012,10
2012,47
2013,1
2013,8
2013,10
2013,36
2014,0
2014,13
2014,17
2014,21
2014,22
2015,1
2015,8
2015,10
2016,1
2016,2
2016,32
2016,36
2016,58
2017,0
2017,4
2017,13
2017,17
2017,20
2017,21
2017,22
2017,26
2017,27
2017,28
2018,1
2018,2
2018,7
2018,32
2019,1
2019,9
2020,0
2020,4
2020,13
2020,17
2020,20
2020,21
2020,22
2020,26
2020,27
2020,28
2021,0
2022,0
2022,4
2022,13
2022,17
2022,20
2022,21
2022,22
2022,26
2022,27
2022,28
2023,9
2024,0
2024,9
2025,1
2025,7
2025,8
2025,10
2026,0
2026,4
2026,13
2026,17
2026,20
2026,21
2026,22
2026,26
2026,27
2026,28
2027,9
2028,1
2028,5
2028,8
2028,10
2028,47
2029,0
2029,4
2029,13
2029,17
2029,20
2029,21
2029,22
2029,26
2029,27
2029,28
2030,1
2030,5
2030,8
2030,10
2030,47
2031,0
2031,4
2031,13
2031,17
2031,20
2031,21
2031,22
2031,26
2031,27
2031,28
2032,0
2032,4
2032,13
2032,17
2032,20
2032,21
2032,22
2032,26
2032,27
2032,28
2033,0
2033,4
2033,13
2033,17
2033,20
2033,21
2033,22
2033,26
2033,27
2033,28
2034,0
2034,4
2034,13
2034,17
2034,20
2034,21
2034,22
2034,26
2034,27
2034,28
2035,0
2035,17
2035,21
2036,1
2036,5
2036,47
2037,0
2037,4
2037,13
2037,17
2037,20
2037,21
2037,22
2037,26
2037,27
2037,28
2038,0
2039,0
2039,4
2039,13
2039,17
2039,20
2039,21
2039,22
2039,26
2039,27
2039,28
2040,0
2040,4
2040,13
2040,17
2040,20
2040,21
2040,22
2040,26
2040,27
2040,28
2041,9
2042,0
2042,4
2042,13
2042,17
2042,20
2042,21
2042,22
2042,26
2042,27
2042,28
2043,1
2043,5
2043,47
2044,2
2044,9
2044,32
2044,58
2045,0
2045,4
2045,13
2045,17
2045,20
2045,21
2045,22
2045,26
2045,27
2045,28
2046,0
2046,4
2046,13
2046,17
2046,20
2046,21
2046,22
2046,26
2046,27
2046,28
2047,0
2047,4
2047,13
2047,17
2047,20
2047,21
2047,22
2047,26
2047,27
2047,28
2048,2
2048,9
2048,32
2048,58
2049,1
2049,2
2049,8
2049,10
2049,32
2049,58
2050,0
2050,4
2050,13
2050,17
2050,20
2050,21
2050,22
2050,26
2050,27
2050,28
2051,1
2051,5
2051,47
2052,0
2052,4
2052,13
2052,17
2052,20
2052,21
2052,22
2052,26
2052,27
2052,28
2053,1
2053,2
2053,7
2053,8
2053,10
2054,1
2054,9
2055,1
2055,8
2055,10
2056,9
2057,9
2058,9
2059,2
2059,32
2059,58
2060,1
2060,5
2060,47
2061,0
2061,4
2061,13
2061,17
2061,20
2061,21
2061,22
2061,26
2061,27
2061,28
2062,0
2062,4
2062,13
2062,17
2062,20
2062,21
2062,22
2062,26
2062,27
2062,28
2063,0
2063,4
2063,13
2063,17
2063,20
2063,21
2063,22
2063,26
2063,27
2063,28
2064,1
2064,2
2064,8
2064,10
2064,36
2064,58
2065,1
2065,2
2065,11
2066,0
2066,4
2066,13
2066,17
2066,20
2066,21
2066,22
2066,26
2066,27
2066,28
2067,1
2067,5
2067,8
2067,10
2067,47
2068,0
2068,4
2068,13
2068,17
2068,20
2068,21
2068,22
2068,26
2068,27
2068,28
2069,0
2069,4
2069,13
2069,17
2069,20
2069,21
2069,22
2069,26
2069,27
2069,28
2070,1
2070,2
2070,8
2070,10
2070,32
2070,58
2071,1
2071,2
2071,58
2072,0
2072,9
2073,0
2073,4
2073,13
2073,17
2073,20
2073,21
2073,22
2073,26
2073,27
2073,28
2074,0
2074,4
2074,13
2074,17
2074,20
2074,21
2074,22
2074,26
2074,27
2074,28
2075,1
2075,2
2075,5
2075,8
2075,10
2075,47
2076,1
2076,5
2076,7
2076,8
2076,10
2076,47
2077,0
2077,4
2077,13
2077,17
2077,20
2077,21
2077,22
2077,26
2077,27
2077,28
2078,0
2078,9
2079,0
2079,4
2079,13
2079,17
2079,20
2079,21
2079,22
2079,26
2079,27
2079,28
2080,0
2080,4
2080,13
2080,17
2080,20
2080,21
2080,22
2080,26
2080,27
2080,28
2081,2
2081,32
2081,58
2082,0
2082,4
2082,13
2082,17
2082,20
2082,21
2082,22
2082,26
2082,27
2082,28
2083,1
2083,7
2083,8
2083,10
2084,2
2084,11
2085,0
2085,4
2085,13
2085,17
2085,20
2085,21
2085,22
2085,26
2085,27
2085,28
2086,0
2086,4
2086,13
2086,17
2086,20
2086,21
2086,22
2086,26
2086,27
2086,28
2087,0
2087,4
2087,13
2087,17
2087,20
2087,21
2087,22
2087,26
2087,27
2087,28
2088,2
2088,32
2088,39
2088,58
2089,2
2089,11
2090,0
2090,4
2090,13
2090,17
2090,20
2090,21
2090,22
2090,26
2090,27
2090,28
2091,0
2091,4
2091,13
2091,17
2091,20
2091,21
2091,22
2091,26
2091,27
2091,28
2092,0
2092,4
2092,13
2092,17
2092,20
2092,21
2092,22
2092,26
2092,27
2092,28
2093,0
2093,4
2093,13
2093,17
2093,20
2093,21
2093,22
2093,26
2093,27
2093,28
2094,0
2094,13
2094,17
2094,21
2094,22
2095,2
2095,9
2095,47
2096,1
2096,8
2096,10
2096,36
2097,0
2097,4
2097,13
2097,17
2097,20
2097,21
2097,22
2097,26
2097,27
2097,28
2098,0
2099,0
2099,4
2099,13
2099,17
2099,20
2099,21
2099,22
2099,26
2099,27
2099,28
2100,0
2100,4
2100,13
2100,17
2100,20
2100,21
2100,22
2100,26
2100,27
2100,28
2101,1
2101,5
2101,8
2101,10
2101,47
2102,0
2102,4
2102,13
2102,17
2102,20
2102,21
2102,22
2102,26
2102,27
2102,28
2103,0
2103,4
2103,13
2103,17
2103,20
2103,21
2103,22
2103,26
2103,27
2103,28
2104,9
2105,0
2105,4
2105,13
2105,17
2105,20
2105,21
2105,22
2105,26
2105,27
2105,28
2106,0
2106,4
2106,13
2106,17
2106,20
2106,21
2106,22
2106,26
2106,27
2106,28
2107,1
2107,2
2107,8
2107,10
2108,0
2109,1
2109,2
2109,8
2109,10
2110,1
2110,8
2110,10
2111,2
2111,58
2112,0
2112,4
2112,13
2112,17
2112,20
2112,21
2112,22
2112,26
2112,27
2112,28
2113,0
2113,4
2113,13
2113,17
2113,20
2113,21
2113,22
2113,26
2113,27
2113,28
2114,1
2114,7
2114,8
2114,10
2115,0
2115,4
2115,13
2115,17
2115,20
2115,21
2115,22
2115,26
2115,27
2115,28
2116,0
2116,4
2116,13
2116,17
2116,20
2116,21
2116,22
2116,26
2116,27
2116,28
2117,0
2117,4
2117,13
2117,17
2117,20
2117,21
2117,22
2117,26
2117,27
2117,28
2118,0
2118,4
2118,13
2118,17
2118,20
2118,21
2118,22
2118,26
2118,27
2118,28
2119,0
2119,4
2119,13
2119,17
2119,20
2119,21
2119,22
2119,26
2119,27
2119,28
2120,0
2120,9
2121,0
2121,4
2121,13
2121,17
2121,20
2121,21
2121,22
2121,26
2121,27
2121,28
2122,1
2122,9
2123,0
2123,4
2123,13
2123,17
2123,20
2123,21
2123,22
2123,26
2123,27
2123,28
2124,2
2124,9
2124,47
2125,9
2126,0
2126,4
2126,13
2126,17
2126,20
2126,21
2126,22
2126,26
2126,27
2126,28
2127,0
2127,4
2127,13
2127,17
2127,20
2127,21
2127,22
2127,26
2127,27
2127,28
2128,0
2129,0
2129,4
2129,13
2129,17
2129,20
2129,21
2129,22
2129,26
2129,27
2129,28
2130,9
2131,0
2131,4
2131,13
2131,17
2131,20
2131,21
2131,22
2131,26
2131,27
2131,28
2132,2
2132,9
2133,2
2133,32
2133,36
2133,58
2134,0
2134,4
2134,13
2134,17
2134,20
2134,21
2134,22
2134,26
2134,27
2134,28
2135,0
2135,4
2135,13
2135,17
2135,20
2135,21
2135,22
2135,26
2135,27
2135,28
2136,1
2136,5
2136,7
2136,8
2136,10
2136,47
2137,0
2137,4
2137,13
2137,17
2137,20
2137,21
2137,22
2137,26
2137,27
2137,28
2138,9
2139,1
2139,2
2140,0
2140,4
2140,13
2140,17
2140,20
2140,21
2140,22
2140,26
2140,27
2140,28
2141,0
2141,4
2141,13
2141,17
2141,20
2141,21
2141,22
2141,26
2141,27
2141,28
2142,2
2142,11
2142,32
2142,36
2142,58
2143,1
2143,2
2143,32
2143,36
2143,58
2144,1
2144,5
2144,8
2144,10
2144,47
2145,0
2145,9
2146,0
2146,4
2146,13
2146,17
2146,20
2146,21
2146,22
2146,26
2146,27
2146,28
2147,1
2147,8
2147,10
2147,36
2148,1
2148,5
2148,8
2148,10
2148,47
2149,0
2149,9
2150,0
2150,4
2150,13
2150,17
2150,20
2150,21
2150,22
2150,26
2150,27
2150,28
2151,1
2151,2
2151,32
2151,58
2152,0
2152,4
2152,13
2152,17
2152,20
2152,21
2152,22
2152,26
2152,27
2152,28
2153,0
2153,4
2153,13
2153,17
2153,20
2153,21
2153,22
2153,26
2153,27
2153,28
2154,0
2154,4
2154,13
2154,17
2154,20
2154,21
2154,22
2154,26
2154,27
2154,28
2155,0
2155,4
2155,13
2155,17
2155,20
2155,21
2155,22
2155,26
2155,27
2155,28
2156,0
2156,4
2156,13
2156,17
2156,20
2156,21
2156,22
2156,26
2156,27
2156,28
2157,0
2157,4
2157,13
2157,17
2157,20
2157,21
2157,22
2157,26
2157,27
2157,28
2158,0
2158,4
2158,13
2158,17
2158,20
2158,21
2158,22
2158,26
2158,27
2158,28
2159,0
2159,4
2159,13
2159,17
2159,20
2159,21
2159,22
2159,26
2159,27
2159,28
2160,0
2161,2
2161,9
2161,58
2162,0
2162,4
2162,13
2162,17
2162,20
2162,21
2162,22
2162,26
2162,27
2162,28
2163,1
2163,5
2163,7
2163,47
2164,0
2164,4
2164,13
2164,17
2164,20
2164,21
2164,22
2164,26
2164,27
2164,28
2165,0
2165,4
2165,13
2165,17
2165,20
2165,21
2165,22
2165,26
2165,27
2165,28
2166,9
2167,1
2167,8
2167,9
2167,10
2168,9
2169,0
2169,4
2169,13
2169,17
2169,20
2169,21
2169,22
2169,26
2169,27
2169,28
2170,1
2170,2
2170,36
2170,58
2171,2
2171,9
2171,32
2171,58
2172,0
2172,4
2172,13
2172,17
2172,20
2172,21
2172,22
2172,26
2172,27
2172,28
2173,9
2174,0
2174,4
2174,13
2174,17
2174,20
2174,21
2174,22
2174,26
2174,27
2174,28
2175,1
2175,5
2175,8
2175,10
2175,47
2176,0
2176,4
2176,13
2176,17
2176,20
2176,21
2176,22
2176,26
2176,27
2176,28
2177,1
2177,8
2177,10
2177,36
2178,2
2178,32
2178,58
2179,1
2179,7
2179,8
2179,10
2180,0
2180,9
2180,50
2181,1
2181,5
2181,8
2181,10
2181,47
2182,1
2182,5
2182,7
2182,47
2183,1
2183,2
2183,8
2183,10
2183,36
2184,2
2184,11
2185,0
2185,4
2185,13
2185,17
2185,20
2185,21
2185,22
2185,26
2185,27
2185,28
2186,0
2186,4
2186,13
2186,17
2186,20
2186,21
2186,22
2186,26
2186,27
2186,28
2187,0
2187,4
2187,13
2187,17
2187,20
2187,21
2187,22
2187,26
2187,27
2187,28
2188,0
2188,4
2188,13
2188,17
2188,20
2188,21
2188,22
2188,26
2188,27
2188,28
2189,0
2189,4
2189,13
2189,17
2189,20
2189,21
2189,22
2189,26
2189,27
2189,28
2190,1
2190,2
2190,7
2190,8
2190,10
2191,0
2191,4
2191,13
2191,17
2191,20
2191,21
2191,22
2191,26
2191,27
2191,28
2192,0
2192,4
2192,13
2192,17
2192,20
2192,21
2192,22
2192,26
2192,27
2192,28
2193,0
2193,4
2193,13
2193,17
2193,20
2193,21
2193,22
2193,26
2193,27
2193,28
2194,0
2194,4
2194,13
2194,17
2194,20
2194,21
2194,22
2194,26
2194,27
2194,28
2195,0
2195,4
2195,13
2195,17
2195,20
2195,21
2195,22
2195,26
2195,27
2195,28
2196,0
2196,4
2196,13
2196,17
2196,20
2196,21
2196,22
2196,26
2196,27
2196,28
2197,1
2197,8
2197,10
2198,0
2198,4
2198,13
2198,17
2198,20
2198,21
2198,22
2198,26
2198,27
2198,28
2199,0
2199,4
2199,13
2199,17
2199,20
2199,21
2199,22
2199,26
2199,27
2199,28
2200,0
2200,9
2201,2
2201,32
2201,36
2201,58
2202,1
2202,5
2202,7
2202,8
2202,10
2202,47
2203,1
2203,5
2203,7
2203,8
2203,10
2203,47
2204,9
2205,2
2205,9
2205,32
2205,58
2206,1
2206,5
2206,7
2206,8
2206,10
2206,47
2207,2
2208,1
2208,2
2208,9
2208,32
2209,0
2209,4
2209,13
2209,17
2209,20
2209,21
2209,22
2209,26
2209,27
2209,28
2210,0
2210,4
2210,13
2210,17
2210,20
2210,21
2210,22
2210,26
2210,27
2210,28
2211,0
2211,4
2211,13
2211,17
2211,20
2211,21
2211,22
2211,26
2211,27
2211,28
2212,1
2212,2
2212,8
2212,10
2212,32
2212,58
2213,1
2213,2
2213,58
2214,0
2214,4
2214,13
2214,17
2214,20
2214,21
2214,22
2214,26
2214,27
2214,28
2215,1
2215,2
2215,11
2216,0
2216,9
2217,0
2217,4
2217,13
2217,17
2217,20
2217,21
2217,22
2217,26
2217,27
2217,28
2218,0
2218,4
2218,13
2218,17
2218,20
2218,21
2218,22
2218,26
2218,27
2218,28
2219,0
2219,4
2219,13
2219,17
2219,20
2219,21
2219,22
2219,26
2219,27
2219,28
2220,2
2220,11
2221,9
2222,1
2222,9
2223,1
2223,5
2223,8
2223,10
2223,47
2224,1
2224,8
2224,10
2225,0
2226,1
2226,9
2227,2
2227,58
2228,1
2228,2
2228,9
2228,32
2228,58
2229,0
2229,4
2229,13
2229,17
2229,20
2229,21
2229,22
2229,26
2229,27
2229,28
2230,2
2230,11
2231,1
2231,8
2231,10
2231,36
2232,0
2232,4
2232,13
2232,17
2232,20
2232,21
2232,22
2232,26
2232,27
2232,28
2233,1
2233,8
2233,9
2233,10
2234,1
2234,8
2234,10
2235,0
2235,4
2235,13
2235,17
2235,20
2235,21
2235,22
2235,26
2235,27
2235,28
2236,1
2236,2
2236,5
2236,8
2236,10
2236,47
2237,0
2237,4
2237,13
2237,17
2237,20
2237,21
2237,22
2237,26
2237,27
2237,28
2238,0
2238,4
2238,13
2238,17
2238,20
2238,21
2238,22
2238,26
2238,27
2238,28
2239,0
2239,4
2239,13
2239,17
2239,20
2239,21
2239,22
2239,26
2239,27
2239,28
2240,0
2240,9
2241,2
2241,32
2241,58
2242,0
2242,4
2242,13
2242,17
2242,20
2242,21
2242,22
2242,26
2242,27
2242,28
2243,0
2243,4
2243,13
2243,17
2243,20
2243,21
2243,22
2243,26
2243,27
2243,28
2244,1
2244,2
2244,58
2245,1
2245,5
2245,7
2245,8
2245,10
2245,47
2246,0
2246,9
2247,0
2247,4
2247,13
2247,17
2247,20
2247,21
2247,22
2247,26
2247,27
2247,28
2248,1
2248,5
2248,8
2248,10
2248,47
2249,0
2249,4
2249,13
2249,17
2249,20
2249,21
2249,22
2249,26
2249,27
2249,28
2250,1
2251,0
2251,4
2251,13
2251,17
2251,20
2251,21
2251,22
2251,26
2251,27
2251,28
2252,0
2252,4
2252,13
2252,17
2252,20
2252,21
2252,22
2252,26
2252,27
2252,28
2253,0
2253,4
2253,13
2253,17
2253,20
2253,21
2253,22
2253,26
2253,27
2253,28
2254,1
2254,9
2255,0
2255,4
2255,13
2255,17
2255,20
2255,21
2255,22
2255,26
2255,27
2255,28
2256,0
2256,4
2256,13
2256,17
2256,20
2256,21
2256,22
2256,26
2256,27
2256,28
2257,2
2257,32
2257,58
2258,0
2258,4
2258,13
2258,17
2258,20
2258,21
2258,22
2258,26
2258,27
2258,28
2259,0
2259,4
2259,13
2259,17
2259,20
2259,21
2259,22
2259,26
2259,27
2259,28
2260,0
2260,4
2260,13
2260,17
2260,20
2260,21
2260,22
2260,26
2260,27
2260,28
2261,1
2261,8
2261,10
2262,0
2262,4
2262,13
2262,17
2262,20
2262,21
2262,22
2262,26
2262,27
2262,28
2263,0
2263,4
2263,13
2263,17
2263,20
2263,21
2263,22
2263,26
2263,27
2263,28
2264,0
2264,4
2264,13
2264,17
2264,20
2264,21
2264,22
2264,26
2264,27
2264,28
2266,0
2266,4
2266,13
2266,17
2266,20
2266,21
2266,22
2266,26
2266,27
2266,28
2267,2
2267,32
2268,0
2268,4
2268,13
2268,17
2268,20
2268,21
2268,22
2268,26
2268,27
2268,28
2269,0
2270,2
2270,9
2270,47
2271,9
2272,0
2272,4
2272,13
2272,17
2272,20
2272,21
2272,22
2272,26
2272,27
2272,28
2273,0
2273,4
2273,13
2273,17
2273,20
2273,21
2273,22
2273,26
2273,27
2273,28
2274,2
2274,32
2274,58
2275,9
2276,0
2276,4
2276,13
2276,17
2276,20
2276,21
2276,22
2276,26
2276,27
2276,28
2277,1
2277,2
2277,8
2277,10
2277,36
2277,58
2278,0
2278,4
2278,13
2278,17
2278,20
2278,21
2278,22
2278,26
2278,27
2278,28
2279,1
2279,8
2279,10
2280,0
2280,9
2281,0
2281,4
2281,13
2281,17
2281,20
2281,21
2281,22
2281,26
2281,27
2281,28
2282,0
2282,4
2282,13
2282,17
2282,20
2282,21
2282,22
2282,26
2282,27
2282,28
2283,9
2284,1
2284,8
2284,10
2285,2
2285,32
2285,58
2286,9
2287,9
2288,1
2288,2
2288,5
2288,7
2288,8
2288,10
2288,47
2289,0
2289,9
2290,0
2290,4
2290,13
2290,17
2290,20
2290,21
2290,22
2290,26
2290,27
2290,28
2291,1
2291,7
2291,8
2291,10
2292,0
2292,4
2292,13
2292,17
2292,20
2292,21
2292,22
2292,26
2292,27
2292,28
2293,1
2293,2
2293,9
2293,47
2294,1
2294,2
2295,2
2295,32
2295,58
2296,0
2296,4
2296,13
2296,17
2296,20
2296,21
2296,22
2296,26
2296,27
2296,28
2297,2
2297,32
2297,58
2298,0
2298,4
2298,13
2298,17
2298,20
2298,21
2298,22
2298,26
2298,27
2298,28
2299,1
2299,7
2299,8
2299,10
2300,1
2300,7
2300,8
2300,10
2301,0
2301,4
2301,13
2301,17
2301,20
2301,21
2301,22
2301,26
2301,27
2301,28
2302,0
2302,9
2302,47
2303,0
2303,4
2303,13
2303,17
2303,20
2303,21
2303,22
2303,26
2303,27
2303,28
2304,0
2304,4
2304,13
2304,17
2304,20
2304,21
2304,22
2304,26
2304,27
2304,28
2305,0
2305,4
2305,13
2305,17
2305,20
2305,21
2305,22
2305,26
2305,27
2305,28
2306,9
2306,17
2307,0
2307,4
2307,13
2307,17
2307,20
2307,21
2307,22
2307,26
2307,27
2307,28
2308,0
2308,4
2308,13
2308,17
2308,20
2308,21
2308,22
2308,26
2308,27
2308,28
2309,0
2309,4
2309,13
2309,17
2309,20
2309,21
2309,22
2309,26
2309,27
2309,28
2310,0
2311,2
2311,32
2311,58
2312,0
2312,4
2312,13
2312,17
2312,20
2312,21
2312,22
2312,26
2312,27
2312,28
2313,0
2313,4
2313,13
2313,17
2313,20
2313,21
2313,22
2313,26
2313,27
2313,28
2314,0
2314,4
2314,13
2314,17
2314,20
2314,21
2314,22
2314,26
2314,27
2314,28
2315,0
2315,4
2315,13
2315,17
2315,20
2315,21
2315,22
2315,26
2315,27
2315,28
2316,0
2316,4
2316,13
2316,17
2316,20
2316,21
2316,22
2316,26
2316,27
2316,28
2317,0
2317,4
2317,13
2317,17
2317,20
2317,21
2317,22
2317,26
2317,27
2317,28
2318,2
2318,32
2319,0
2319,4
2319,13
2319,17
2319,20
2319,21
2319,22
2319,26
2319,27
2319,28
2320,1
2320,2
2320,8
2320,10
2320,36
2321,0
2321,4
2321,13
2321,17
2321,20
2321,21
2321,22
2321,26
2321,27
2321,28
2322,0
2322,4
2322,13
2322,17
2322,20
2322,21
2322,22
2322,26
2322,27
2322,28
2323,0
2323,9
2324,1
2324,5
2324,8
2324,10
2324,47
2326,1
2326,7
2326,8
2326,10
2327,9
2328,9
2329,0
2329,4
2329,13
2329,17
2329,20
2329,21
2329,22
2329,26
2329,27
2329,28
2330,9
2331,1
2331,8
2331,10
2331,36
2332,1
2332,2
2332,32
2332,58
2333,0
2333,4
2333,13
2333,17
2333,20
2333,21
2333,22
2333,26
2333,27
2333,28
2334,1
2334,2
2334,8
2334,10
2335,1
2335,2
2335,8
2335,10
2335,32
2335,58
2336,0
2336,4
2336,13
2336,17
2336,20
2336,21
2336,22
2336,26
2336,27
2336,28
2337,1
2337,2
2337,8
2337,10
2337,32
2337,58
2338,9
2339,0
2339,4
2339,13
2339,17
2339,20
2339,21
2339,22
2339,26
2339,27
2339,28
2340,0
2340,4
2340,13
2340,17
2340,20
2340,21
2340,22
2340,26
2340,27
2340,28
2341,0
2341,4
2341,13
2341,17
2341,20
2341,21
2341,22
2341,26
2341,27
2341,28
2342,0
2342,4
2342,13
2342,17
2342,20
2342,21
2342,22
2342,26
2342,27
2342,28
2343,1
2343,2
2344,0
2344,4
2344,13
2344,17
2344,20
2344,21
2344,22
2344,26
2344,27
2344,28
2345,1
2345,2
2345,8
2345,10
2345,58
2346,0
2346,4
2346,13
2346,17
2346,20
2346,21
2346,22
2346,26
2346,27
2346,28
2347,0
2347,4
2347,13
2347,17
2347,20
2347,21
2347,22
2347,26
2347,27
2347,28
2348,1
2348,7
2348,8
2348,10
2349,2
2349,11
2350,0
2350,4
2350,13
2350,17
2350,20
2350,21
2350,22
2350,26
2350,27
2350,28
2351,1
2351,5
2351,7
2351,47
2352,0
2352,4
2352,13
2352,17
2352,20
2352,21
2352,22
2352,26
2352,27
2352,28
2353,1
2353,8
2353,10
2354,2
2354,9
2354,32
2354,58
2355,1
2355,2
2356,0
2356,9
2357,0
2357,4
2357,13
2357,17
2357,20
2357,21
2357,22
2357,26
2357,27
2357,28
2358,0
2358,4
2358,13
2358,17
2358,20
2358,21
2358,22
2358,26
2358,27
2358,28
2359,0
2359,4
2359,13
2359,17
2359,20
2359,21
2359,22
2359,26
2359,27
2359,28
2360,0
2360,4
2360,13
2360,17
2360,20
2360,21
2360,22
2360,26
2360,27
2360,28
2361,0
2361,9
2362,0
2362,4
2362,13
2362,17
2362,20
2362,21
2362,22
2362,26
2362,27
2362,28
2363,0
2363,4
2363,13
2363,17
2363,20
2363,21
2363,22
2363,26
2363,27
2363,28
2364,0
2364,4
2364,13
2364,17
2364,20
2364,21
2364,22
2364,26
2364,27
2364,28
2365,0
2365,4
2365,13
2365,17
2365,20
2365,21
2365,22
2365,26
2365,27
2365,28
2366,0
2366,4
2366,13
2366,17
2366,20
2366,21
2366,22
2366,26
2366,27
2366,28
2367,1
2367,2
2367,8
2367,10
2367,36
2368,0
2368,4
2368,13
2368,17
2368,20
2368,21
2368,22
2368,26
2368,27
2368,28
2369,1
2369,2
2369,7
2369,8
2369,10
2370,9
2371,1
2371,5
2371,7
2371,8
2371,10
2371,47
2372,0
2372,4
2372,13
2372,17
2372,20
2372,21
2372,22
2372,26
2372,27
2372,28
2373,1
2373,2
2373,8
2373,10
2373,36
2374,0
2374,9
2375,1
2375,9
2376,2
2376,32
2376,36
2376,58
2377,1
2377,5
2377,7
2377,8
2377,10
2377,47
2378,0
2378,4
2378,13
2378,17
2378,20
2378,21
2378,22
2378,26
2378,27
2378,28
2379,0
2379,4
2379,13
2379,17
2379,20
2379,21
2379,22
2379,26
2379,27
2379,28
2380,2
2380,9
2380,32
2380,58
2381,9
2382,2
2382,11
2382,32
2382,58
2383,0
2383,4
2383,13
2383,17
2383,20
2383,21
2383,22
2383,26
2383,27
2383,28
2384,0
2384,4
2384,13
2384,17
2384,20
2384,21
2384,22
2384,26
2384,27
2384,28
2385,0
2385,4
2385,13
2385,17
2385,20
2385,21
2385,22
2385,26
2385,27
2385,28
2386,1
2386,5
2386,7
2386,47
2387,9
2388,0
2388,4
2388,13
2388,17
2388,20
2388,21
2388,22
2388,26
2388,27
2388,28
2389,0
2390,1
2390,8
2390,10
2390,36
2391,0
2391,4
2391,13
2391,17
2391,20
2391,21
2391,22
2391,26
2391,27
2391,28
2392,0
2392,4
2392,13
2392,17
2392,20
2392,21
2392,22
2392,26
2392,27
2392,28
2393,0
2393,4
2393,13
2393,17
2393,20
2393,21
2393,22
2393,26
2393,27
2393,28
2394,0
2394,4
2394,13
2394,17
2394,20
2394,21
2394,22
2394,26
2394,27
2394,28
2395,2
2395,9
2396,0
2396,4
2396,13
2396,17
2396,20
2396,21
2396,22
2396,26
2396,27
2396,28
2397,0
2397,4
2397,13
2397,17
2397,20
2397,21
2397,22
2397,26
2397,27
2397,28
2398,0
2398,4
2398,13
2398,17
2398,20
2398,21
2398,22
2398,26
2398,27
2398,28
2399,0
2399,4
2399,13
2399,17
2399,20
2399,21
2399,22
2399,26
2399,27
2399,28
2400,1
2400,2
2400,32
2400,58
2401,0
2401,13
2401,17
2401,21
2401,22
2402,0
2402,4
2402,13
2402,17
2402,20
2402,21
2402,22
2402,26
2402,27
2402,28
2403,1
2403,8
2403,10
2403,36
2404,0
2404,4
2404,13
2404,17
2404,20
2404,21
2404,22
2404,26
2404,27
2404,28
2405,0
2405,4
2405,13
2405,17
2405,20
2405,21
2405,22
2405,26
2405,27
2405,28
2406,0
2406,4
2406,13
2406,17
2406,20
2406,21
2406,22
2406,26
2406,27
2406,28
2407,2
2407,32
2407,58
2408,0
2408,9
2409,0
2409,4
2409,13
2409,17
2409,20
2409,21
2409,22
2409,26
2409,27
2409,28
2410,2
2410,32
2410,58
2411,0
2411,4
2411,13
2411,17
2411,20
2411,21
2411,22
2411,26
2411,27
2411,28
2412,0
2412,4
2412,13
2412,17
2412,20
2412,21
2412,22
2412,26
2412,27
2412,28
2413,0
2413,4
2413,13
2413,17
2413,20
2413,21
2413,22
2413,26
2413,27
2413,28
2414,0
2414,4
2414,13
2414,17
2414,20
2414,21
2414,22
2414,26
2414,27
2414,28
2415,0
2415,4
2415,13
2415,17
2415,20
2415,21
2415,22
2415,26
2415,27
2415,28
2416,2
2416,9
2416,32
2416,58
2417,0
2417,4
2417,13
2417,17
2417,20
2417,21
2417,22
2417,26
2417,27
2417,28
2418,0
2418,4
2418,13
2418,17
2418,20
2418,21
2418,22
2418,26
2418,27
2418,28
2419,1
2419,7
2420,0
2420,4
2420,13
2420,17
2420,20
2420,21
2420,22
2420,26
2420,27
2420,28
2421,0
2421,9
2422,2
2422,11
2422,32
2422,50
2422,58
2423,2
2423,11
2423,32
2423,58
2424,1
2424,2
2424,5
2424,8
2424,10
2424,47
2425,0
2425,4
2425,13
2425,17
2425,20
2425,21
2425,22
2425,26
2425,27
2425,28
2426,0
2426,4
2426,13
2426,17
2426,20
2426,21
2426,22
2426,26
2426,27
2426,28
2427,1
2427,5
2427,8
2427,10
2427,47
2428,1
2428,9
2429,0
2429,4
2429,13
2429,17
2429,20
2429,21
2429,22
2429,26
2429,27
2429,28
2430,9
2431,0
2431,4
2431,13
2431,17
2431,20
2431,21
2431,22
2431,26
2431,27
2431,28
2432,1
2432,8
2432,10
2433,2
2433,32
2433,36
2433,58
2434,1
2434,8
2434,10
2435,0
2435,4
2435,13
2435,17
2435,20
2435,21
2435,22
2435,26
2435,27
2435,28
2436,0
2436,4
2436,13
2436,17
2436,20
2436,21
2436,22
2436,26
2436,27
2436,28
2437,0
2437,4
2437,13
2437,17
2437,20
2437,21
2437,22
2437,26
2437,27
2437,28
2438,1
2438,5
2438,8
2438,10
2438,47
2439,0
2440,1
2440,8
2440,10
2441,1
2441,8
2441,10
2442,9
2443,1
2443,2
2443,32
2444,0
2444,4
2444,13
2444,17
2444,20
2444,21
2444,22
2444,26
2444,27
2444,28
2445,0
2445,4
2445,13
2445,17
2445,20
2445,21
2445,22
2445,26
2445,27
2445,28
2446,0
2446,4
2446,13
2446,17
2446,20
2446,21
2446,22
2446,26
2446,27
2446,28
2447,1
2447,2
2447,8
2447,10
2447,32
2447,58
2448,1
2448,2
2448,7
2448,8
2448,10
2448,58
2449,1
2449,2
2449,8
2449,10
2449,32
2449,58
2450,0
2451,0
2452,0
2452,4
2452,13
2452,17
2452,20
2452,21
2452,22
2452,26
2452,27
2452,28
2453,1
2453,2
2453,8
2453,10
2453,32
2453,58
2454,0
2454,4
2454,13
2454,17
2454,20
2454,21
2454,22
2454,26
2454,27
2454,28
2455,1
2455,2
2455,8
2455,10
2455,58
2456,0
2456,4
2456,13
2456,17
2456,20
2456,21
2456,22
2456,26
2456,27
2456,28
2457,1
2457,2
2457,8
2457,10
2458,1
2458,5
2458,47
2459,9
2460,2
2460,11
2460,36
2461,0
2461,4
2461,13
2461,17
2461,20
2461,21
2461,22
2461,26
2461,27
2461,28
2462,2
2462,11
2462,32
2462,58
2463,1
2463,2
2463,8
2463,10
2464,0
2464,4
2464,13
2464,17
2464,20
2464,21
2464,22
2464,26
2464,27
2464,28
2465,1
2465,2
2465,8
2465,10
2465,32
2465,58
2466,1
2466,2
2466,8
2466,10
2467,0
2467,4
2467,13
2467,17
2467,20
2467,21
2467,22
2467,26
2467,27
2467,28
2468,0
2468,4
2468,13
2468,17
2468,20
2468,21
2468,22
2468,26
2468,27
2468,28
2469,0
2469,4
2469,13
2469,17
2469,20
2469,21
2469,22
2469,26
2469,27
2469,28
2470,9
2471,1
2471,5
2471,8
2471,10
2471,47
2472,1
2472,2
2472,7
2472,8
2472,10
2473,0
2473,4
2473,13
2473,17
2473,20
2473,21
2473,22
2473,26
2473,27
2473,28
2474,0
2474,4
2474,13
2474,17
2474,20
2474,21
2474,22
2474,26
2474,27
2474,28
2475,2
2477,2
2477,9
2477,32
2477,58
2478,0
2478,4
2478,13
2478,17
2478,20
2478,21
2478,22
2478,26
2478,27
2478,28
2479,9
2480,0
2480,4
2480,13
2480,17
2480,20
2480,21
2480,22
2480,26
2480,27
2480,28
2481,0
2481,4
2481,13
2481,17
2481,20
2481,21
2481,22
2481,26
2481,27
2481,28
2482,0
2482,4
2482,13
2482,17
2482,20
2482,21
2482,22
2482,26
2482,27
2482,28
2483,0
2484,0
2484,4
2484,13
2484,17
2484,20
2484,21
2484,22
2484,26
2484,27
2484,28
2485,1
2485,5
2485,7
2485,47
2486,0
2487,2
2487,32
2487,58
2488,0
2488,4
2488,13
2488,17
2488,20
2488,21
2488,22
2488,26
2488,27
2488,28
2489,0
2490,0
2490,4
2490,13
2490,17
2490,20
2490,21
2490,22
2490,26
2490,27
2490,28
2491,0
2491,9
2492,0
2492,4
2492,13
2492,17
2492,20
2492,21
2492,22
2492,26
2492,27
2492,28
2493,2
2493,9
2493,32
2494,0
2494,4
2494,13
2494,17
2494,20
2494,21
2494,22
2494,26
2494,27
2494,28
2495,9
2496,0
2496,4
2496,13
2496,17
2496,20
2496,21
2496,22
2496,26
2496,27
2496,28
2497,1
2497,2
2497,32
2497,36
2497,58
2498,1
2498,7
2498,8
2498,10
2499,1
2499,5
2499,47
2500,0
2500,4
2500,13
2500,17
2500,20
2500,21
2500,22
2500,26
2500,27
2500,28
2501,1
2501,5
2501,8
2501,10
2501,47
2502,0
2502,13
2502,17
2502,21
2502,22
2503,1
2503,2
2504,0
2504,4
2504,13
2504,17
2504,20
2504,21
2504,22
2504,26
2504,27
2504,28
2505,1
2505,2
2505,7
2506,0
2506,4
2506,13
2506,17
2506,20
2506,21
2506,22
2506,26
2506,27
2506,28
2507,1
2507,7
2507,8
2507,10
2508,9
2509,0
2509,4
2509,13
2509,17
2509,20
2509,21
2509,22
2509,26
2509,27
2509,28
2510,1
2510,7
2510,8
2510,10
2510,43
2511,1
2511,2
2511,8
2511,10
2511,36
2512,0
2512,4
2512,13
2512,17
2512,20
2512,21
2512,22
2512,26
2512,27
2512,28
2513,0
2513,4
2513,13
2513,17
2513,20
2513,21
2513,22
2513,26
2513,27
2513,28
2514,0
2514,4
2514,13
2514,17
2514,20
2514,21
2514,22
2514,26
2514,27
2514,28
2515,1
2515,8
2515,10
2515,36
2516,0
2516,4
2516,13
2516,17
2516,20
2516,21
2516,22
2516,26
2516,27
2516,28
2517,1
2517,2
2517,32
2517,58
2518,0
2518,4
2518,13
2518,17
2518,20
2518,21
2518,22
2518,26
2518,27
2518,28
2519,1
2519,2
2519,8
2519,10
2520,1
2520,2
2520,5
2520,47
2521,0
2521,4
2521,13
2521,17
2521,20
2521,21
2521,22
2521,26
2521,27
2521,28
2522,0
2522,9
2523,2
2523,9
2524,0
2524,4
2524,13
2524,17
2524,20
2524,21
2524,22
2524,26
2524,27
2524,28
2525,0
2525,4
2525,13
2525,17
2525,20
2525,21
2525,22
2525,26
2525,27
2525,28
2526,0
2526,9
2527,0
2527,4
2527,13
2527,17
2527,20
2527,21
2527,22
2527,26
2527,27
2527,28
2528,0
2528,4
2528,13
2528,17
2528,20
2528,21
2528,22
2528,26
2528,27
2528,28
2529,1
2529,8
2529,10
2530,0
2530,4
2530,13
2530,17
2530,20
2530,21
2530,22
2530,26
2530,27
2530,28
2531,1
2531,9
2532,0
2532,9
2532,47
2533,0
2533,4
2533,13
2533,17
2533,20
2533,21
2533,22
2533,26
2533,27
2533,28
2534,1
2534,2
2535,1
2535,8
2535,10
2536,1
2536,2
2536,8
2536,10
2537,0
2537,4
2537,13
2537,17
2537,20
2537,21
2537,22
2537,26
2537,27
2537,28
2538,0
2538,4
2538,13
2538,17
2538,20
2538,21
2538,22
2538,26
2538,27
2538,28
2539,1
2539,2
2539,32
2539,58
2540,1
2540,8
2540,10
2541,9
2542,2
2542,9
2543,0
2543,4
2543,13
2543,17
2543,20
2543,21
2543,22
2543,26
2543,27
2543,28
2544,0
2544,9
2545,2
2545,32
2545,58
2546,1
2546,8
2546,10
2547,1
2547,2
2547,8
2547,10
2548,0
2548,4
2548,13
2548,17
2548,20
2548,21
2548,22
2548,26
2548,27
2548,28
2549,0
2549,4
2549,13
2549,17
2549,20
2549,21
2549,22
2549,26
2549,27
2549,28
2550,0
2550,4
2550,13
2550,17
2550,20
2550,21
2550,22
2550,26
2550,27
2550,28
2551,2
2551,9
2551,32
2552,0
2552,4
2552,13
2552,17
2552,20
2552,21
2552,22
2552,26
2552,27
2552,28
2553,1
2553,8
2553,10
2554,9
2555,2
2555,9
2555,32
2555,58
2556,0
2556,4
2556,13
2556,17
2556,20
2556,21
2556,22
2556,26
2556,27
2556,28
2557,1
2557,2
2557,8
2557,10
2557,36
2558,1
2558,2
2558,32
2558,58
2559,0
2559,4
2559,13
2559,17
2559,20
2559,21
2559,22
2559,26
2559,27
2559,28
2560,0
2560,4
2560,13
2560,17
2560,20
2560,21
2560,22
2560,26
2560,27
2560,28
2561,1
2561,2
2561,8
2561,10
2562,1
2562,2
2562,8
2562,10
2563,1
2563,5
2563,47
2564,0
2564,4
2564,13
2564,17
2564,20
2564,21
2564,22
2564,26
2564,27
2564,28
2565,0
2565,9
2566,0
2566,4
2566,13
2566,17
2566,20
2566,21
2566,22
2566,26
2566,27
2566,28
2567,0
2568,0
2568,4
2568,13
2568,17
2568,20
2568,21
2568,22
2568,26
2568,27
2568,28
2569,1
2569,2
2569,8
2569,10
2569,32
2570,0
2570,4
2570,13
2570,17
2570,20
2570,21
2570,22
2570,26
2570,27
2570,28
2571,1
2571,2
2571,32
2571,36
2571,58
2572,2
2573,2
2573,32
2574,1
2574,8
2574,10
2575,0
2575,4
2575,13
2575,17
2575,20
2575,21
2575,22
2575,26
2575,27
2575,28
2576,0
2576,4
2576,13
2576,17
2576,20
2576,21
2576,22
2576,26
2576,27
2576,28
2577,0
2577,4
2577,13
2577,17
2577,20
2577,21
2577,22
2577,26
2577,27
2577,28
2578,0
2578,4
2578,13
2578,17
2578,20
2578,21
2578,22
2578,26
2578,27
2578,28
2579,0
2579,4
2579,13
2579,17
2579,20
2579,21
2579,22
2579,26
2579,27
2579,28
2580,0
2581,0
2581,4
2581,13
2581,17
2581,20
2581,21
2581,22
2581,26
2581,27
2581,28
2582,1
2582,2
2582,8
2582,10
2583,1
2583,8
2583,10
2584,1
2584,7
2584,8
2584,10
2585,1
2585,2
2585,7
2585,8
2585,10
2585,58
2586,1
2586,2
2586,5
2586,7
2586,8
2586,10
2586,47
2587,0
2587,9
2588,0
2589,9
2590,2
2590,32
2590,36
2590,58
2591,1
2591,2
2591,8
2591,10
2592,0
2592,4
2592,13
2592,17
2592,20
2592,21
2592,22
2592,26
2592,27
2592,28
2593,1
2593,8
2593,10
2594,0
2595,0
2595,4
2595,13
2595,17
2595,20
2595,21
2595,22
2595,26
2595,27
2595,28
2596,0
2596,4
2596,13
2596,17
2596,20
2596,21
2596,22
2596,26
2596,27
2596,28
2597,0
2598,1
2598,2
2598,8
2598,10
2599,1
2599,2
2599,8
2599,10
2600,9
2601,0
2601,9
2602,1
2602,5
2602,7
2602,8
2602,10
2602,47
2603,0
2603,4
2603,13
2603,17
2603,20
2603,21
2603,22
2603,26
2603,27
2603,28
2604,0
2604,4
2604,13
2604,17
2604,20
2604,21
2604,22
2604,26
2604,27
2604,28
2605,0
2605,4
2605,13
2605,17
2605,20
2605,21
2605,22
2605,26
2605,27
2605,28
2606,1
2607,9
2608,1
2608,2
2608,8
2608,10
2608,58
2609,9
2610,0
2610,4
2610,13
2610,17
2610,20
2610,21
2610,22
2610,26
2610,27
2610,28
2611,0
2611,4
2611,13
2611,17
2611,20
2611,21
2611,22
2611,26
2611,27
2611,28
2612,1
2612,7
2612,8
2612,10
2613,2
2613,11
2613,32
2613,58
2614,0
2614,4
2614,13
2614,17
2614,20
2614,21
2614,22
2614,26
2614,27
2614,28
2615,1
2615,2
2615,32
2615,58
2616,0
2617,0
2617,4
2617,13
2617,17
2617,20
2617,21
2617,22
2617,26
2617,27
2617,28
2618,0
2618,4
2618,13
2618,17
2618,20
2618,21
2618,22
2618,26
2618,27
2618,28
2619,1
2619,2
2619,5
2619,9
2619,47
2620,0
2620,4
2620,13
2620,17
2620,20
2620,21
2620,22
2620,26
2620,27
2620,28
2621,0
2621,4
2621,13
2621,17
2621,20
2621,21
2621,22
2621,26
2621,27
2621,28
2622,0
2622,4
2622,13
2622,17
2622,20
2622,21
2622,22
2622,26
2622,27
2622,28
2623,9
2623,14
2624,1
2624,7
2624,8
2624,10
2625,0
2625,4
2625,13
2625,17
2625,20
2625,21
2625,22
2625,26
2625,27
2625,28
2626,2
2626,32
2626,58
2627,0
2627,4
2627,13
2627,17
2627,20
2627,21
2627,22
2627,26
2627,27
2627,28
2628,0
2628,4
2628,13
2628,17
2628,20
2628,21
2628,22
2628,26
2628,27
2628,28
2629,0
2629,4
2629,13
2629,17
2629,20
2629,21
2629,22
2629,26
2629,27
2629,28
2630,0
2631,0
2631,4
2631,13
2631,17
2631,20
2631,21
2631,22
2631,26
2631,27
2631,28
2632,1
2632,8
2632,10
2633,0
2633,4
2633,13
2633,17
2633,20
2633,21
2633,22
2633,26
2633,27
2633,28
2634,1
2634,2
2634,8
2634,10
2634,36
2634,58
2635,1
2635,2
2635,8
2635,10
2635,36
2636,0
2636,4
2636,13
2636,17
2636,20
2636,21
2636,22
2636,26
2636,27
2636,28
2637,0
2637,4
2637,13
2637,17
2637,20
2637,21
2637,22
2637,26
2637,27
2637,28
2638,2
2638,9
2639,2
2639,9
2639,32
2639,58
2640,1
2640,2
2640,8
2640,10
2640,36
2641,9
2641,47
2642,1
2642,5
2643,0
2643,4
2643,13
2643,17
2643,20
2643,21
2643,22
2643,26
2643,27
2643,28
2644,0
2644,4
2644,13
2644,17
2644,20
2644,21
2644,22
2644,26
2644,27
2644,28
2645,1
2645,7
2645,8
2645,10
2646,9
2647,0
2647,9
2648,9
2648,47
2649,0
2650,0
2650,4
2650,13
2650,17
2650,20
2650,21
2650,22
2650,26
2650,27
2650,28
2651,0
2651,4
2651,13
2651,17
2651,20
2651,21
2651,22
2651,26
2651,27
2651,28
2652,0
2652,4
2652,13
2652,17
2652,20
2652,21
2652,22
2652,26
2652,27
2652,28
2653,0
2653,4
2653,13
2653,17
2653,20
2653,21
2653,22
2653,26
2653,27
2653,28
2654,0
2654,4
2654,13
2654,17
2654,20
2654,21
2654,22
2654,26
2654,27
2654,28
2655,1
2655,8
2655,10
2655,36
2656,9
2657,1
2657,5
2657,8
2657,10
2657,47
2658,2
2658,32
2658,58
2659,0
2659,4
2659,13
2659,17
2659,20
2659,21
2659,22
2659,26
2659,27
2659,28
2660,0
2660,4
2660,13
2660,17
2660,20
2660,21
2660,22
2660,26
2660,27
2660,28
2661,1
2661,5
2661,8
2661,10
2661,47
2662,1
2662,2
2662,8
2662,10
2663,1
2663,5
2663,47
2664,9
2665,0
2665,4
2665,13
2665,17
2665,20
2665,21
2665,22
2665,26
2665,27
2665,28
2666,0
2666,4
2666,13
2666,17
2666,20
2666,21
2666,22
2666,26
2666,27
2666,28
2667,0
2667,4
2667,13
2667,17
2667,20
2667,21
2667,22
2667,26
2667,27
2667,28
2668,14
2669,1
2669,2
2669,8
2669,10
2669,32
2669,58
2670,0
2670,4
2670,13
2670,17
2670,20
2670,21
2670,22
2670,26
2670,27
2670,28
2671,1
2671,2
2671,8
2671,10
2671,32
2671,58
2672,0
2672,4
2672,13
2672,17
2672,20
2672,21
2672,22
2672,26
2672,27
2672,28
2673,1
2673,8
2673,10
2674,0
2674,4
2674,13
2674,17
2674,20
2674,21
2674,22
2674,26
2674,27
2674,28
2675,0
2675,4
2675,13
2675,17
2675,20
2675,21
2675,22
2675,26
2675,27
2675,28
2676,0
2676,4
2676,13
2676,17
2676,20
2676,21
2676,22
2676,26
2676,27
2676,28
2677,0
2677,4
2677,13
2677,17
2677,20
2677,21
2677,22
2677,26
2677,27
2677,28
2678,0
2678,4
2678,13
2678,17
2678,20
2678,21
2678,22
2678,26
2678,27
2678,28
2679,0
2679,4
2679,13
2679,17
2679,20
2679,21
2679,22
2679,26
2679,27
2679,28
2680,0
2680,4
2680,13
2680,17
2680,20
2680,21
2680,22
2680,26
2680,27
2680,28
2681,1
2681,8
2681,10
2682,0
2682,13
2682,17
2682,21
2682,22
2683,0
2683,4
2683,13
2683,17
2683,20
2683,21
2683,22
2683,26
2683,27
2683,28
2684,0
2684,9
2685,0
2685,9
2686,1
2686,8
2686,10
2687,1
2687,5
2687,8
2687,10
2687,47
2688,0
2689,2
2689,11
2689,32
2690,0
2690,4
2690,13
2690,17
2690,20
2690,21
2690,22
2690,26
2690,27
2690,28
2691,0
2691,4
2691,13
2691,17
2691,20
2691,21
2691,22
2691,26
2691,27
2691,28
2692,1
2692,8
2692,10
2693,9
2694,0
2694,4
2694,13
2694,17
2694,20
2694,21
2694,22
2694,26
2694,27
2694,28
2695,1
2695,2
2695,8
2695,10
2696,1
2696,2
2696,8
2696,10
2697,0
2697,4
2697,13
2697,17
2697,20
2697,21
2697,22
2697,26
2697,27
2697,28
2698,0
2698,4
2698,13
2698,17
2698,20
2698,21
2698,22
2698,26
2698,27
2698,28
2699,0
2699,4
2699,13
2699,17
2699,20
2699,21
2699,22
2699,26
2699,27
2699,28
2700,0
2700,4
2700,13
2700,17
2700,20
2700,21
2700,22
2700,26
2700,27
2700,28
2701,0
2701,4
2701,13
2701,17
2701,20
2701,21
2701,22
2701,26
2701,27
2701,28
2702,1
2702,8
2702,10
2703,0
2703,4
2703,13
2703,17
2703,20
2703,21
2703,22
2703,26
2703,27
2703,28
2704,0
2704,4
2704,13
2704,17
2704,20
2704,21
2704,22
2704,26
2704,27
2704,28
2705,0
2705,4
2705,13
2705,17
2705,20
2705,21
2705,22
2705,26
2705,27
2705,28
2706,0
2706,4
2706,13
2706,17
2706,20
2706,21
2706,22
2706,26
2706,27
2706,28
2707,0
2707,4
2707,13
2707,17
2707,20
2707,21
2707,22
2707,26
2707,27
2707,28
2708,2
2708,32
2708,58
2709,0
2709,4
2709,13
2709,17
2709,20
2709,21
2709,22
2709,26
2709,27
2709,28
2710,0
2710,4
2710,13
2710,17
2710,20
2710,21
2710,22
2710,26
2710,27
2710,28
2711,1
2711,2
2711,8
2711,10
2711,32
2711,58
2712,2
2712,11
2712,32
2713,0
2713,4
2713,13
2713,17
2713,20
2713,21
2713,22
2713,26
2713,27
2713,28
2714,0
2714,4
2714,13
2714,17
2714,20
2714,21
2714,22
2714,26
2714,27
2714,28
2715,0
2716,0
2716,4
2716,13
2716,17
2716,20
2716,21
2716,22
2716,26
2716,27
2716,28
2717,0
2717,4
2717,13
2717,17
2717,20
2717,21
2717,22
2717,26
2717,27
2717,28
2718,0
2718,4
2718,13
2718,17
2718,20
2718,21
2718,22
2718,26
2718,27
2718,28
2719,0
2719,4
2719,13
2719,17
2719,20
2719,21
2719,22
2719,26
2719,27
2719,28
2720,2
2720,32
2720,58
2721,0
2721,9
2722,0
2722,4
2722,13
2722,17
2722,20
2722,21
2722,22
2722,26
2722,27
2722,28
2723,0
2723,4
2723,13
2723,17
2723,20
2723,21
2723,22
2723,26
2723,27
2723,28
2724,1
2724,2
2724,9
2725,9
2726,1
2726,2
2726,8
2726,10
2726,36
2727,1
2727,8
2727,10
2728,1
2728,5
2728,8
2728,10
2728,47
2729,2
2729,9
2729,32
2729,58
2730,0
2730,4
2730,13
2730,17
2730,20
2730,21
2730,22
2730,26
2730,27
2730,28
2731,0
2731,4
2731,13
2731,17
2731,20
2731,21
2731,22
2731,26
2731,27
2731,28
2732,1
2732,2
2732,7
2732,8
2732,10
2732,58
2733,1
2733,14
2734,0
2734,4
2734,13
2734,17
2734,20
2734,21
2734,22
2734,26
2734,27
2734,28
2735,9
2736,0
2736,4
2736,13
2736,17
2736,20
2736,21
2736,22
2736,26
2736,27
2736,28
2737,0
2737,4
2737,13
2737,17
2737,20
2737,21
2737,22
2737,26
2737,27
2737,28
2738,1
2738,5
2738,8
2738,10
2738,47
2739,1
2739,7
2739,8
2739,10
2740,0
2740,4
2740,13
2740,17
2740,20
2740,21
2740,22
2740,26
2740,27
2740,28
2741,1
2741,2
2741,5
2741,7
2741,8
2741,10
2741,47
2742,0
2742,4
2742,13
2742,17
2742,20
2742,21
2742,22
2742,26
2742,27
2742,28
2743,0
2743,4
2743,13
2743,17
2743,20
2743,21
2743,22
2743,26
2743,27
2743,28
2744,1
2744,5
2744,47
2745,0
2745,4
2745,13
2745,17
2745,20
2745,21
2745,22
2745,26
2745,27
2745,28
2746,1
2746,8
2746,10
2747,1
2747,7
2747,8
2747,10
2748,1
2748,2
2748,58
2749,0
2749,4
2749,13
2749,17
2749,20
2749,21
2749,22
2749,26
2749,27
2749,28
2750,0
2750,4
2750,13
2750,17
2750,20
2750,21
2750,22
2750,26
2750,27
2750,28
2751,0
2751,4
2751,13
2751,17
2751,20
2751,21
2751,22
2751,26
2751,27
2751,28
2752,1
2752,2
2752,7
2752,11
2753,1
2753,5
2753,8
2753,10
2753,47
2754,1
2754,2
2754,8
2754,10
2754,36
2754,58
2755,2
2755,9
2755,32
2755,58
2756,1
2756,2
2756,11
2757,1
2757,7
2757,8
2757,10
2758,0
2759,1
2759,5
2759,7
2759,8
2759,10
2759,47
2760,1
2760,8
2760,10
2761,1
2761,2
2761,32
2761,58
2762,1
2762,2
2762,32
2762,58
2763,9
2764,2
2764,32
2764,58
2765,1
2765,2
2765,8
2765,10
2766,1
2766,8
2766,10
2767,1
2767,5
2767,7
2767,47
2768,0
2768,4
2768,13
2768,17
2768,20
2768,21
2768,22
2768,26
2768,27
2768,28
2769,1
2769,8
2769,10
2769,36
2770,2
2770,32
2770,36
2770,58
2771,0
2771,4
2771,13
2771,17
2771,20
2771,21
2771,22
2771,26
2771,27
2771,28
2772,1
2772,2
2772,32
2772,58
2773,0
2773,4
2773,13
2773,17
2773,20
2773,21
2773,22
2773,26
2773,27
2773,28
2774,0
2775,0
2775,4
2775,13
2775,17
2775,20
2775,21
2775,22
2775,26
2775,27
2775,28
2776,0
2776,4
2776,13
2776,17
2776,20
2776,21
2776,22
2776,26
2776,27
2776,28
2777,1
2777,2
2777,7
2778,0
2778,9
2779,0
2779,4
2779,13
2779,17
2779,20
2779,21
2779,22
2779,26
2779,27
2779,28
2780,1
2780,2
2780,8
2780,10
2780,36
2781,1
2781,8
2781,10
2781,61
2782,1
2782,2
2782,32
2782,58
2783,1
2783,2
2783,8
2783,10
2783,58
2784,1
2784,8
2784,10
2784,36
2785,9
2786,0
2786,4
2786,13
2786,17
2786,20
2786,21
2786,22
2786,26
2786,27
2786,28
2787,1
2787,5
2787,8
2787,9
2787,10
2787,47
2788,0
2788,4
2788,13
2788,17
2788,20
2788,21
2788,22
2788,26
2788,27
2788,28
2789,0
2789,4
2789,13
2789,17
2789,20
2789,21
2789,22
2789,26
2789,27
2789,28
2790,0
2790,4
2790,13
2790,17
2790,20
2790,21
2790,22
2790,26
2790,27
2790,28
2791,0
2791,4
2791,13
2791,17
2791,20
2791,21
2791,22
2791,26
2791,27
2791,28
2792,0
2792,4
2792,13
2792,17
2792,20
2792,21
2792,22
2792,26
2792,27
2792,28
2793,2
2793,11
2793,32
2793,58
2794,0
2794,4
2794,13
2794,17
2794,20
2794,21
2794,22
2794,26
2794,27
2794,28
2795,0
2795,9
2796,1
2796,8
2796,10
2797,0
2797,4
2797,13
2797,17
2797,20
2797,21
2797,22
2797,26
2797,27
2797,28
2798,2
2798,9
2798,47
2798,58
2799,0
2799,4
2799,13
2799,17
2799,20
2799,21
2799,22
2799,26
2799,27
2799,28
2800,1
2800,2
2800,36
2800,58
2801,2
2801,9
2802,0
2802,4
2802,13
2802,17
2802,20
2802,21
2802,22
2802,26
2802,27
2802,28
2803,1
2803,8
2803,10
2804,0
2805,0
2805,4
2805,13
2805,17
2805,20
2805,21
2805,22
2805,26
2805,27
2805,28
2806,2
2806,32
2806,58
2807,0
2807,4
2807,13
2807,17
2807,20
2807,21
2807,22
2807,26
2807,27
2807,28
2808,0
2808,4
2808,13
2808,17
2808,20
2808,21
2808,22
2808,26
2808,27
2808,28
2809,0
2809,4
2809,13
2809,17
2809,20
2809,21
2809,22
2809,26
2809,27
2809,28
2810,1
2810,5
2810,7
2810,8
2810,10
2810,47
2811,1
2811,2
2811,32
2811,58
2812,1
2812,5
2812,8
2812,10
2812,47
2813,0
2813,4
2813,13
2813,17
2813,20
2813,21
2813,22
2813,26
2813,27
2813,28
2814,2
2814,32
2814,58
2815,1
2815,2
2815,8
2815,10
2816,0
2817,1
2817,8
2817,10
2818,1
2818,2
2818,8
2818,10
2818,36
2818,58
2819,1
2819,2
2819,11
2819,32
2819,58
2820,1
2820,8
2820,10
2821,1
2821,8
2821,10
2822,9
2822,47
2823,1
2823,5
2823,7
2823,47
2824,0
2824,4
2824,13
2824,17
2824,20
2824,21
2824,22
2824,26
2824,27
2824,28
2825,1
2825,2
2825,8
2825,10
2826,1
2826,5
2826,8
2826,9
2826,10
2826,47
2827,1
2827,5
2827,7
2827,47
2828,2
2828,32
2828,58
2829,0
2829,4
2829,13
2829,17
2829,20
2829,21
2829,22
2829,26
2829,27
2829,28
2830,0
2830,9
2831,0
2831,4
2831,13
2831,17
2831,20
2831,21
2831,22
2831,26
2831,27
2831,28
2832,1
2832,2
2832,32
2832,58
2833,1
2833,2
2833,8
2833,10
2833,36
2835,2
2835,9
2835,32
2835,58
2836,1
2836,8
2836,10
2837,0
2838,2
2838,11
2839,0
2839,4
2839,13
2839,17
2839,20
2839,21
2839,22
2839,26
2839,27
2839,28
2840,1
2840,8
2840,10
2840,36
2841,0
2841,4
2841,13
2841,17
2841,20
2841,21
2841,22
2841,26
2841,27
2841,28
2842,0
2842,4
2842,13
2842,17
2842,20
2842,21
2842,22
2842,26
2842,27
2842,28
2843,1
2843,2
2843,32
2843,58
2844,1
2844,2
2844,7
2844,32
2844,58
2845,1
2845,5
2845,8
2845,10
2845,47
2846,0
2846,4
2846,13
2846,17
2846,20
2846,21
2846,22
2846,26
2846,27
2846,28
2847,1
2847,8
2847,10
2847,36
2848,1
2848,5
2848,8
2848,10
2848,47
2849,2
2849,32
2849,58
2850,9
2851,1
2851,2
2851,8
2851,10
2851,32
2851,58
2852,0
2852,4
2852,13
2852,17
2852,20
2852,21
2852,22
2852,26
2852,27
2852,28
2853,1
2853,7
2853,8
2853,10
2854,9
2855,0
2855,4
2855,13
2855,17
2855,20
2855,21
2855,22
2855,26
2855,27
2855,28
2856,0
2856,4
2856,13
2856,17
2856,20
2856,21
2856,22
2856,26
2856,27
2856,28
2857,0
2857,4
2857,13
2857,17
2857,20
2857,21
2857,22
2857,26
2857,27
2857,28
2858,0
2858,9
2859,0
2859,4
2859,13
2859,17
2859,20
2859,21
2859,22
2859,26
2859,27
2859,28
2860,1
2860,2
2860,8
2860,10
2861,1
2861,8
2861,10
2862,0
2862,4
2862,13
2862,17
2862,20
2862,21
2862,22
2862,26
2862,27
2862,28
2863,1
2863,2
2863,8
2863,10
2863,32
2863,58
2864,0
2864,4
2864,13
2864,17
2864,20
2864,21
2864,22
2864,26
2864,27
2864,28
2865,1
2865,5
2865,47
2866,1
2866,2
2866,8
2866,10
2867,0
2868,0
2868,4
2868,13
2868,17
2868,20
2868,21
2868,22
2868,26
2868,27
2868,28
2869,1
2869,2
2869,8
2869,10
2869,36
2870,1
2870,7
2870,8
2870,10
2871,9
2872,2
2872,32
2872,58
2873,2
2874,9
2875,0
2875,13
2875,17
2875,20
2875,21
2875,22
2876,0
2876,4
2876,13
2876,17
2876,20
2876,21
2876,22
2876,26
2876,27
2876,28
2877,0
2877,4
2877,13
2877,17
2877,20
2877,21
2877,22
2877,26
2877,27
2877,28
2878,0
2878,4
2878,13
2878,17
2878,20
2878,21
2878,22
2878,26
2878,27
2878,28
2879,0
2879,9
2880,0
2880,9
2881,1
2881,8
2881,10
2882,0
2882,4
2882,13
2882,17
2882,20
2882,21
2882,22
2882,26
2882,27
2882,28
2883,2
2883,32
2883,36
2883,58
2884,1
2884,14
2885,0
2885,4
2885,13
2885,17
2885,20
2885,21
2885,22
2885,26
2885,27
2885,28
2886,0
2886,2
2886,9
2887,1
2887,2
2887,8
2887,10
2887,32
2887,58
2888,1
2888,5
2888,47
2889,0
2889,4
2889,13
2889,17
2889,20
2889,21
2889,22
2889,26
2889,27
2889,28
2890,2
2890,32
2890,58
2891,2
2891,9
2891,32
2891,58
2892,1
2892,2
2892,8
2892,10
2893,0
2893,4
2893,13
2893,17
2893,20
2893,21
2893,22
2893,26
2893,27
2893,28
2894,1
2894,8
2894,10
2895,1
2895,2
2895,58
2896,0
2896,9
2897,0
2897,4
2897,13
2897,17
2897,20
2897,21
2897,22
2897,26
2897,27
2897,28
2898,0
2898,9
2899,1
2899,14
2900,1
2900,2
2900,9
2901,1
2901,2
2901,8
2901,10
2902,0
2902,4
2902,13
2902,17
2902,20
2902,21
2902,22
2902,26
2902,27
2902,28
2904,1
2904,8
2904,10
2905,1
2905,2
2905,8
2905,10
2906,1
2906,7
2906,8
2906,10
2907,1
2907,2
2908,1
2908,2
2908,32
2908,58
2909,0
2909,9
2910,1
2910,5
2910,8
2910,10
2910,47
2911,2
2911,32
2911,58
2912,0
2912,9
2913,0
2913,9
2914,1
2914,2
2914,7
2914,11
2915,0
2915,4
2915,13
2915,17
2915,20
2915,21
2915,22
2915,26
2915,27
2915,28
2916,0
2916,4
2916,13
2916,17
2916,20
2916,21
2916,22
2916,26
2916,27
2916,28
2917,0
2917,4
2917,13
2917,17
2917,20
2917,21
2917,22
2917,26
2917,27
2917,28
2918,1
2918,14
2919,1
2919,2
2919,9
2919,32
2919,58
2920,0
2920,4
2920,13
2920,17
2920,20
2920,21
2920,22
2920,26
2920,27
2920,28
2921,0
2921,4
2921,13
2921,17
2921,20
2921,21
2921,22
2921,26
2921,27
2921,28
2922,1
2922,8
2922,10
2922,36
2923,1
2923,8
2923,10
2924,1
2924,2
2925,0
2925,4
2925,13
2925,17
2925,20
2925,21
2925,22
2925,26
2925,27
2925,28
2926,1
2926,5
2926,8
2926,10
2926,47
2927,2
2928,1
2928,5
2928,8
2928,10
2928,47
2929,1
2929,2
2929,7
2929,8
2929,10
2930,2
2931,0
2931,4
2931,13
2931,17
2931,20
2931,21
2931,22
2931,26
2931,27
2931,28
2932,1
2932,7
2933,0
2933,4
2933,13
2933,17
2933,20
2933,21
2933,22
2933,26
2933,27
2933,28
2934,1
2934,8
2934,10
2935,1
2935,5
2935,8
2935,10
2935,47
2936,2
2936,11
2936,58
2937,1
2937,8
2937,10
2938,0
2938,4
2938,13
2938,17
2938,20
2938,21
2938,22
2938,26
2938,27
2938,28
2939,0
2939,1
2939,9
2940,0
2940,4
2940,13
2940,17
2940,20
2940,21
2940,22
2940,26
2940,27
2940,28
2941,9
2942,9
2943,1
2943,2
2943,8
2943,10
2943,32
2943,58
2944,1
2944,2
2944,11
2945,1
2945,2
2945,32
2945,36
2945,58
2946,2
2946,9
2946,47
2947,0
2947,4
2947,13
2947,17
2947,20
2947,21
2947,22
2947,26
2947,27
2947,28
2948,0
2948,4
2948,13
2948,17
2948,20
2948,21
2948,22
2948,26
2948,27
2948,28
2949,0
2949,4
2949,13
2949,17
2949,20
2949,21
2949,22
2949,26
2949,27
2949,28
2950,1
2950,2
2950,8
2950,10
2951,0
2951,4
2951,13
2951,17
2951,20
2951,21
2951,22
2951,26
2951,27
2951,28
2952,0
2952,4
2952,13
2952,17
2952,20
2952,21
2952,22
2952,26
2952,27
2952,28
2953,0
2953,4
2953,13
2953,17
2953,20
2953,21
2953,22
2953,26
2953,27
2953,28
2954,0
2954,4
2954,13
2954,17
2954,20
2954,21
2954,22
2954,26
2954,27
2954,28
2955,0
2956,0
2956,4
2956,13
2956,17
2956,20
2956,21
2956,22
2956,26
2956,27
2956,28
2957,2
2957,32
2957,36
2957,58
2958,2
2958,32
2958,58
2959,9
2960,0
2960,4
2960,13
2960,17
2960,20
2960,21
2960,22
2960,26
2960,27
2960,28
2961,0
2961,4
2961,13
2961,17
2961,20
2961,21
2961,22
2961,26
2961,27
2961,28
2962,0
2962,4
2962,13
2962,17
2962,20
2962,21
2962,22
2962,26
2962,27
2962,28
2963,1
2963,7
2963,8
2963,10
2964,0
2965,0
2965,4
2965,13
2965,17
2965,20
2965,21
2965,22
2965,26
2965,27
2965,28
2966,9
2966,14
2967,0
2967,4
2967,13
2967,17
2967,20
2967,21
2967,22
2967,26
2967,27
2967,28
2968,0
2968,9
2969,0
2969,4
2969,13
2969,17
2969,20
2969,21
2969,22
2969,26
2969,27
2969,28
2970,2
2970,11
2970,32
2970,58
2971,0
2971,4
2971,13
2971,17
2971,20
2971,21
2971,22
2971,26
2971,27
2971,28
2972,0
2972,4
2972,13
2972,17
2972,20
2972,21
2972,22
2972,26
2972,27
2972,28
2973,0
2973,4
2973,13
2973,17
2973,20
2973,21
2973,22
2973,26
2973,27
2973,28
2974,2
2974,11
2974,32
2974,58
2975,0
2975,4
2975,13
2975,17
2975,20
2975,21
2975,22
2975,26
2975,27
2975,28
2976,9
2977,0
2977,13
2977,17
2977,20
2977,21
2977,22
2978,1
2978,5
2978,7
2978,8
2978,10
2978,47
2979,1
2979,2
2979,8
2979,10
2979,36
2979,58
2980,0
2980,4
2980,13
2980,17
2980,20
2980,21
2980,22
2980,26
2980,27
2980,28
2981,2
2981,9
2981,58
2982,0
2982,4
2982,13
2982,17
2982,20
2982,21
2982,22
2982,26
2982,27
2982,28
2983,0
2984,2
2984,11
2984,32
2984,58
2985,1
2985,8
2985,10
2985,36
2986,1
2986,2
2986,8
2986,10
2987,0
2987,4
2987,13
2987,17
2987,20
2987,21
2987,22
2987,26
2987,27
2987,28
2988,1
2988,8
2988,10
2988,36
2989,0
2989,4
2989,13
2989,17
2989,20
2989,21
2989,22
2989,26
2989,27
2989,28
2990,0
2990,4
2990,13
2990,17
2990,20
2990,21
2990,22
2990,26
2990,27
2990,28
2991,0
2991,4
2991,13
2991,17
2991,20
2991,21
2991,22
2991,26
2991,27
2991,28
2992,1
2992,8
2992,10
2993,0
2993,4
2993,13
2993,17
2993,20
2993,21
2993,22
2993,26
2993,27
2993,28
2994,9
2995,9
2996,0
2997,1
2997,2
2997,8
2997,10
2998,0
2998,4
2998,13
2998,17
2998,20
2998,21
2998,22
2998,26
2998,27
2998,28
2999,0
2999,4
2999,13
2999,17
2999,20
2999,21
2999,22
2999,26
2999,27
2999,28
